Labels,Decay4,
Type,Time Scan,
Comment,,
Start,0.00,
Stop,199.951170,
Step,0.048828,
Fixed/Offset, ,
XAxis,Time,
YAxis,Counts,

0.00,1.100E+1,
0.048828,1.100E+1,
0.097656,2.000E+1,
0.146484,2.000E+1,
0.195313,1.900E+1,
0.244141,1.800E+1,
0.292969,2.000E+1,
0.341797,2.100E+1,
0.390625,2.200E+1,
0.439453,2.000E+1,
0.488281,1.900E+1,
0.537109,1.400E+1,
0.585938,2.500E+1,
0.634766,2.000E+1,
0.683594,1.900E+1,
0.732422,3.000E+1,
0.781250,1.600E+1,
0.830078,1.700E+1,
0.878906,2.100E+1,
0.927734,2.100E+1,
0.976563,1.300E+1,
1.025391,1.700E+1,
1.074219,1.800E+1,
1.123047,8.000E+0,
1.171875,1.500E+1,
1.220703,2.000E+1,
1.269531,1.900E+1,
1.318359,1.900E+1,
1.367188,1.500E+1,
1.416016,2.500E+1,
1.464844,1.900E+1,
1.513672,3.300E+1,
1.56250,1.700E+1,
1.611328,1.800E+1,
1.660156,2.400E+1,
1.708984,3.000E+1,
1.757813,1.500E+1,
1.806641,2.900E+1,
1.855469,1.800E+1,
1.904297,1.100E+1,
1.953125,1.400E+1,
2.001953,9.000E+0,
2.050781,1.700E+1,
2.099609,1.600E+1,
2.148438,1.300E+1,
2.197266,1.000E+1,
2.246094,1.300E+1,
2.294922,1.000E+1,
2.343750,6.000E+0,
2.392578,9.000E+0,
2.441406,1.400E+1,
2.490234,1.300E+1,
2.539063,1.900E+1,
2.587891,2.000E+1,
2.636719,1.500E+1,
2.685547,2.000E+1,
2.734375,2.400E+1,
2.783203,2.200E+1,
2.832031,2.500E+1,
2.880859,2.300E+1,
2.929688,2.200E+1,
2.978516,2.600E+1,
3.027344,3.100E+1,
3.076172,2.400E+1,
3.1250,1.900E+1,
3.173828,1.500E+1,
3.222656,1.200E+1,
3.271484,1.600E+1,
3.320313,2.200E+1,
3.369141,1.000E+1,
3.417969,1.100E+1,
3.466797,9.000E+0,
3.515625,9.000E+0,
3.564453,4.000E+0,
3.613281,1.000E+1,
3.662109,6.000E+0,
3.710938,1.300E+1,
3.759766,9.000E+0,
3.808594,1.400E+1,
3.857422,1.600E+1,
3.906250,1.800E+1,
3.955078,1.400E+1,
4.003906,2.100E+1,
4.052734,2.600E+1,
4.101563,4.400E+1,
4.150391,5.000E+1,
4.199219,4.900E+1,
4.248047,6.700E+1,
4.296875,5.700E+1,
4.345703,5.300E+1,
4.394531,5.400E+1,
4.443359,6.700E+1,
4.492188,5.400E+1,
4.541016,5.400E+1,
4.589844,4.400E+1,
4.638672,2.800E+1,
4.68750,2.800E+1,
4.736328,2.000E+1,
4.785156,1.500E+1,
4.833984,1.100E+1,
4.882813,1.500E+1,
4.931641,5.000E+0,
4.980469,5.000E+0,
5.029297,7.000E+0,
5.078125,3.000E+0,
5.126953,9.000E+0,
5.175781,1.000E+1,
5.224609,1.200E+1,
5.273438,6.000E+0,
5.322266,4.000E+0,
5.371094,1.400E+1,
5.419922,1.400E+1,
5.468750,2.700E+1,
5.517578,3.200E+1,
5.566406,3.900E+1,
5.615234,4.100E+1,
5.664063,3.500E+1,
5.712891,4.700E+1,
5.761719,3.500E+1,
5.810547,2.600E+1,
5.859375,2.000E+1,
5.908203,2.400E+1,
5.957031,2.000E+1,
6.005859,1.700E+1,
6.054688,1.800E+1,
6.103516,1.500E+1,
6.152344,1.700E+1,
6.201172,1.800E+1,
6.250,7.000E+0,
6.298828,2.300E+1,
6.347656,9.000E+0,
6.396484,1.700E+1,
6.445313,1.700E+1,
6.494141,1.100E+1,
6.542969,1.700E+1,
6.591797,1.800E+1,
6.640625,8.000E+0,
6.689453,9.000E+0,
6.738281,8.000E+0,
6.787109,1.000E+1,
6.835938,6.000E+0,
6.884766,7.000E+0,
6.933594,1.100E+1,
6.982422,9.000E+0,
7.031250,1.400E+1,
7.080078,1.200E+1,
7.128906,1.500E+1,
7.177734,2.000E+1,
7.226563,1.900E+1,
7.275391,2.600E+1,
7.324219,4.200E+1,
7.373047,4.500E+1,
7.421875,3.300E+1,
7.470703,4.300E+1,
7.519531,4.700E+1,
7.568359,6.200E+1,
7.617188,4.700E+1,
7.666016,5.100E+1,
7.714844,4.700E+1,
7.763672,4.100E+1,
7.81250,3.700E+1,
7.861328,3.300E+1,
7.910156,2.800E+1,
7.958984,1.800E+1,
8.007813,8.000E+0,
8.056641,8.000E+0,
8.105469,1.000E+1,
8.154297,7.000E+0,
8.203125,9.000E+0,
8.251953,6.000E+0,
8.300781,1.100E+1,
8.349609,8.000E+0,
8.398438,1.000E+1,
8.447266,1.100E+1,
8.496094,1.100E+1,
8.544922,6.000E+0,
8.593750,1.600E+1,
8.642578,1.500E+1,
8.691406,1.300E+1,
8.740234,1.900E+1,
8.789063,1.800E+1,
8.837891,2.800E+1,
8.886719,2.700E+1,
8.935547,3.900E+1,
8.984375,2.800E+1,
9.033203,2.800E+1,
9.082031,3.200E+1,
9.130859,2.400E+1,
9.179688,2.900E+1,
9.228516,2.500E+1,
9.277344,2.200E+1,
9.326172,1.700E+1,
9.3750,1.700E+1,
9.423828,2.300E+1,
9.472656,2.000E+1,
9.521484,1.300E+1,
9.570313,2.400E+1,
9.619141,1.300E+1,
9.667969,1.600E+1,
9.716797,7.000E+0,
9.765625,1.400E+1,
9.814453,1.300E+1,
9.863281,1.800E+1,
9.912109,6.000E+0,
9.960938,4.000E+0,
10.009766,8.000E+0,
10.058594,8.000E+0,
10.107422,1.000E+1,
10.156250,9.000E+0,
10.205078,1.100E+1,
10.253906,9.000E+0,
10.302734,7.000E+0,
10.351563,5.000E+0,
10.400391,1.000E+1,
10.449219,1.300E+1,
10.498047,2.400E+1,
10.546875,2.000E+1,
10.59570,2.300E+1,
10.644531,2.500E+1,
10.693359,1.900E+1,
10.742188,1.600E+1,
10.791016,3.300E+1,
10.839844,3.500E+1,
10.888672,2.000E+1,
10.93750,3.100E+1,
10.986328,2.100E+1,
11.035156,2.700E+1,
11.083984,2.200E+1,
11.132813,1.800E+1,
11.181641,1.500E+1,
11.230469,1.100E+1,
11.27930,7.000E+0,
11.328125,5.000E+0,
11.376953,6.000E+0,
11.425781,3.000E+0,
11.474609,6.000E+0,
11.523438,4.000E+0,
11.572266,9.000E+0,
11.621094,1.300E+1,
11.669922,1.200E+1,
11.718750,1.300E+1,
11.767578,1.600E+1,
11.816406,2.100E+1,
11.865234,2.400E+1,
11.914063,2.800E+1,
11.962891,3.300E+1,
12.011719,4.600E+1,
12.060547,5.200E+1,
12.109375,4.900E+1,
12.15820,4.800E+1,
12.207031,6.000E+1,
12.255859,4.700E+1,
12.304688,7.900E+1,
12.353516,6.500E+1,
12.402344,8.900E+1,
12.451172,9.100E+1,
12.50,1.340E+2,
12.548828,1.980E+2,
12.597656,2.410E+2,
12.646484,3.320E+2,
12.695313,5.080E+2,
12.744141,8.770E+2,
12.792969,1.660E+3,
12.84180,2.840E+3,
12.890625,4.304E+3,
12.939453,5.687E+3,
12.988281,6.403E+3,
13.037109,7.089E+3,
13.085938,7.797E+3,
13.134766,8.158E+3,
13.183594,8.678E+3,
13.232422,9.155E+3,
13.281250,9.469E+3,
13.330078,9.685E+3,
13.378906,9.819E+3,
13.427734,9.916E+3,
13.476563,9.871E+3,
13.525391,9.945E+3,
13.574219,9.912E+3,
13.623047,9.995E+3,
13.671875,1.000E+4,
13.72070,9.763E+3,
13.769531,9.885E+3,
13.818359,9.677E+3,
13.867188,9.783E+3,
13.916016,9.542E+3,
13.964844,9.545E+3,
14.013672,9.621E+3,
14.06250,9.328E+3,
14.111328,9.278E+3,
14.160156,9.139E+3,
14.208984,9.157E+3,
14.257813,9.112E+3,
14.306641,8.755E+3,
14.355469,8.725E+3,
14.40430,8.843E+3,
14.453125,8.739E+3,
14.501953,8.647E+3,
14.550781,8.730E+3,
14.599609,8.555E+3,
14.648438,8.446E+3,
14.697266,8.299E+3,
14.746094,8.138E+3,
14.794922,8.183E+3,
14.843750,8.133E+3,
14.892578,7.987E+3,
14.941406,7.764E+3,
14.990234,7.683E+3,
15.039063,7.816E+3,
15.087891,7.571E+3,
15.136719,7.547E+3,
15.185547,7.514E+3,
15.234375,7.345E+3,
15.28320,7.410E+3,
15.332031,7.288E+3,
15.380859,7.246E+3,
15.429688,7.295E+3,
15.478516,7.016E+3,
15.527344,6.926E+3,
15.576172,6.964E+3,
15.6250,6.798E+3,
15.673828,6.818E+3,
15.722656,6.867E+3,
15.771484,6.763E+3,
15.820313,6.619E+3,
15.869141,6.633E+3,
15.917969,6.358E+3,
15.96680,6.582E+3,
16.015625,6.482E+3,
16.064453,6.406E+3,
16.113281,6.388E+3,
16.162109,6.303E+3,
16.210938,6.221E+3,
16.259766,6.298E+3,
16.308594,5.988E+3,
16.357422,6.072E+3,
16.406250,5.977E+3,
16.455078,5.921E+3,
16.503906,5.852E+3,
16.552734,5.930E+3,
16.601563,5.835E+3,
16.650391,5.645E+3,
16.699219,5.771E+3,
16.748047,5.553E+3,
16.796875,5.678E+3,
16.84570,5.451E+3,
16.894531,5.502E+3,
16.943359,5.356E+3,
16.992188,5.428E+3,
17.041016,5.323E+3,
17.089844,5.413E+3,
17.138672,5.307E+3,
17.18750,5.317E+3,
17.236328,5.089E+3,
17.285156,5.067E+3,
17.333984,5.098E+3,
17.382813,4.947E+3,
17.431641,4.954E+3,
17.480469,4.972E+3,
17.52930,4.838E+3,
17.578125,4.923E+3,
17.626953,4.843E+3,
17.675781,4.828E+3,
17.724609,4.844E+3,
17.773438,4.760E+3,
17.822266,4.635E+3,
17.871094,4.720E+3,
17.919922,4.608E+3,
17.968750,4.630E+3,
18.017578,4.371E+3,
18.066406,4.436E+3,
18.115234,4.510E+3,
18.164063,4.470E+3,
18.212891,4.391E+3,
18.261719,4.375E+3,
18.310547,4.372E+3,
18.359375,4.226E+3,
18.40820,4.316E+3,
18.457031,4.418E+3,
18.505859,4.154E+3,
18.554688,4.140E+3,
18.603516,4.090E+3,
18.652344,4.073E+3,
18.701172,4.032E+3,
18.750,4.067E+3,
18.798828,3.995E+3,
18.847656,3.906E+3,
18.896484,3.844E+3,
18.945313,3.893E+3,
18.994141,3.802E+3,
19.042969,3.855E+3,
19.09180,3.711E+3,
19.140625,3.643E+3,
19.189453,3.848E+3,
19.238281,3.699E+3,
19.287109,3.620E+3,
19.335938,3.611E+3,
19.384766,3.511E+3,
19.433594,3.660E+3,
19.482422,3.497E+3,
19.531250,3.652E+3,
19.580078,3.405E+3,
19.628906,3.568E+3,
19.677734,3.450E+3,
19.726563,3.433E+3,
19.775391,3.483E+3,
19.824219,3.324E+3,
19.873047,3.410E+3,
19.921875,3.390E+3,
19.97070,3.265E+3,
20.019531,3.196E+3,
20.068359,3.191E+3,
20.117188,3.267E+3,
20.166016,3.225E+3,
20.214844,3.217E+3,
20.263672,3.138E+3,
20.31250,3.158E+3,
20.361328,3.140E+3,
20.410156,3.072E+3,
20.458984,3.021E+3,
20.507813,2.930E+3,
20.556641,3.057E+3,
20.605469,2.896E+3,
20.65430,2.922E+3,
20.703125,2.976E+3,
20.751953,2.922E+3,
20.800781,2.791E+3,
20.849609,2.787E+3,
20.898438,3.006E+3,
20.947266,2.852E+3,
20.996094,2.779E+3,
21.044922,2.770E+3,
21.093750,2.710E+3,
21.142578,2.832E+3,
21.191406,2.792E+3,
21.240234,2.662E+3,
21.289063,2.748E+3,
21.337891,2.775E+3,
21.386719,2.721E+3,
21.435547,2.638E+3,
21.484375,2.589E+3,
21.53320,2.531E+3,
21.582031,2.529E+3,
21.630859,2.591E+3,
21.679688,2.541E+3,
21.728516,2.545E+3,
21.777344,2.485E+3,
21.826172,2.442E+3,
21.8750,2.411E+3,
21.923828,2.402E+3,
21.972656,2.447E+3,
22.021484,2.364E+3,
22.070313,2.416E+3,
22.119141,2.368E+3,
22.167969,2.327E+3,
22.21680,2.304E+3,
22.265625,2.246E+3,
22.314453,2.209E+3,
22.363281,2.216E+3,
22.412109,2.324E+3,
22.460938,2.312E+3,
22.509766,2.210E+3,
22.558594,2.273E+3,
22.607422,2.096E+3,
22.656250,2.171E+3,
22.705078,2.158E+3,
22.753906,2.118E+3,
22.802734,2.098E+3,
22.851563,2.060E+3,
22.900391,2.056E+3,
22.949219,2.049E+3,
22.998047,2.090E+3,
23.046875,2.042E+3,
23.09570,2.096E+3,
23.144531,2.071E+3,
23.193359,2.035E+3,
23.242188,2.064E+3,
23.291016,1.933E+3,
23.339844,1.996E+3,
23.388672,1.951E+3,
23.43750,1.939E+3,
23.486328,2.013E+3,
23.535156,1.875E+3,
23.583984,2.113E+3,
23.632813,1.925E+3,
23.681641,1.969E+3,
23.730469,1.857E+3,
23.77930,1.937E+3,
23.828125,1.813E+3,
23.876953,1.863E+3,
23.925781,1.838E+3,
23.974609,1.814E+3,
24.023438,1.830E+3,
24.072266,1.793E+3,
24.121094,1.792E+3,
24.169922,1.715E+3,
24.218750,1.788E+3,
24.267578,1.671E+3,
24.316406,1.661E+3,
24.365234,1.684E+3,
24.414063,1.694E+3,
24.462891,1.610E+3,
24.511719,1.656E+3,
24.560547,1.699E+3,
24.609375,1.668E+3,
24.65820,1.591E+3,
24.707031,1.587E+3,
24.755859,1.620E+3,
24.804688,1.607E+3,
24.853516,1.540E+3,
24.902344,1.631E+3,
24.951172,1.548E+3,
25.00,1.543E+3,
25.048828,1.575E+3,
25.097656,1.616E+3,
25.146484,1.573E+3,
25.195313,1.509E+3,
25.244141,1.490E+3,
25.292969,1.475E+3,
25.34180,1.465E+3,
25.390625,1.456E+3,
25.439453,1.461E+3,
25.488281,1.388E+3,
25.537109,1.468E+3,
25.585938,1.380E+3,
25.634766,1.463E+3,
25.683594,1.409E+3,
25.732422,1.365E+3,
25.781250,1.406E+3,
25.830078,1.445E+3,
25.878906,1.345E+3,
25.927734,1.383E+3,
25.976563,1.369E+3,
26.025391,1.396E+3,
26.074219,1.299E+3,
26.123047,1.308E+3,
26.171875,1.337E+3,
26.22070,1.357E+3,
26.269531,1.349E+3,
26.318359,1.279E+3,
26.367188,1.265E+3,
26.416016,1.342E+3,
26.464844,1.256E+3,
26.513672,1.287E+3,
26.56250,1.248E+3,
26.611328,1.287E+3,
26.660156,1.279E+3,
26.708984,1.255E+3,
26.757813,1.104E+3,
26.806641,1.223E+3,
26.855469,1.191E+3,
26.90430,1.240E+3,
26.953125,1.167E+3,
27.001953,1.161E+3,
27.050781,1.123E+3,
27.099609,1.170E+3,
27.148438,1.154E+3,
27.197266,1.087E+3,
27.246094,1.181E+3,
27.294922,1.056E+3,
27.343750,1.129E+3,
27.392578,1.125E+3,
27.441406,1.110E+3,
27.490234,1.163E+3,
27.539063,1.139E+3,
27.587891,1.118E+3,
27.636719,1.068E+3,
27.685547,1.100E+3,
27.734375,1.056E+3,
27.78320,1.053E+3,
27.832031,1.084E+3,
27.880859,1.041E+3,
27.929688,1.053E+3,
27.978516,1.031E+3,
28.027344,1.014E+3,
28.076172,1.013E+3,
28.1250,1.036E+3,
28.173828,9.940E+2,
28.222656,1.061E+3,
28.271484,1.035E+3,
28.320313,1.010E+3,
28.369141,9.950E+2,
28.417969,9.800E+2,
28.46680,9.170E+2,
28.515625,9.610E+2,
28.564453,9.800E+2,
28.613281,9.480E+2,
28.662109,9.510E+2,
28.710938,9.160E+2,
28.759766,9.910E+2,
28.808594,9.340E+2,
28.857422,8.670E+2,
28.906250,9.200E+2,
28.955078,9.780E+2,
29.003906,8.730E+2,
29.052734,8.930E+2,
29.101563,9.130E+2,
29.150391,8.730E+2,
29.199219,8.760E+2,
29.248047,8.450E+2,
29.296875,8.270E+2,
29.34570,8.540E+2,
29.394531,8.820E+2,
29.443359,8.520E+2,
29.492188,8.520E+2,
29.541016,8.200E+2,
29.589844,8.390E+2,
29.638672,8.570E+2,
29.68750,8.540E+2,
29.736328,8.010E+2,
29.785156,8.500E+2,
29.833984,8.330E+2,
29.882813,7.930E+2,
29.931641,7.850E+2,
29.980469,8.200E+2,
30.02930,7.940E+2,
30.078125,7.620E+2,
30.126953,8.040E+2,
30.175781,7.580E+2,
30.224609,7.630E+2,
30.273438,7.440E+2,
30.322266,7.970E+2,
30.371094,7.610E+2,
30.419922,8.000E+2,
30.468750,7.280E+2,
30.517578,7.830E+2,
30.566406,7.530E+2,
30.615234,7.140E+2,
30.664063,7.160E+2,
30.712891,7.530E+2,
30.761719,7.640E+2,
30.810547,6.820E+2,
30.859375,7.470E+2,
30.90820,7.490E+2,
30.957031,6.990E+2,
31.005859,7.100E+2,
31.054688,7.180E+2,
31.103516,7.210E+2,
31.152344,6.900E+2,
31.201172,6.880E+2,
31.250,6.780E+2,
31.298828,7.010E+2,
31.347656,6.340E+2,
31.396484,7.190E+2,
31.445313,7.100E+2,
31.494141,6.590E+2,
31.542969,6.990E+2,
31.59180,6.650E+2,
31.640625,6.140E+2,
31.689453,6.490E+2,
31.738281,6.240E+2,
31.787109,6.730E+2,
31.835938,6.170E+2,
31.884766,6.590E+2,
31.933594,6.510E+2,
31.982422,6.400E+2,
32.031250,6.140E+2,
32.080078,5.760E+2,
32.128906,6.240E+2,
32.177734,6.190E+2,
32.226563,5.830E+2,
32.275391,5.850E+2,
32.324219,5.970E+2,
32.373047,5.840E+2,
32.421875,6.210E+2,
32.47070,5.700E+2,
32.519531,5.390E+2,
32.568359,5.920E+2,
32.617188,6.020E+2,
32.666016,5.540E+2,
32.714844,5.780E+2,
32.763672,6.270E+2,
32.81250,5.580E+2,
32.861328,5.700E+2,
32.910156,5.710E+2,
32.958984,5.770E+2,
33.007813,5.490E+2,
33.056641,5.340E+2,
33.105469,5.490E+2,
33.15430,5.290E+2,
33.203125,5.010E+2,
33.251953,5.450E+2,
33.300781,5.270E+2,
33.349609,5.470E+2,
33.398438,5.230E+2,
33.447266,5.240E+2,
33.496094,4.900E+2,
33.544922,4.960E+2,
33.593750,4.880E+2,
33.642578,5.280E+2,
33.691406,5.230E+2,
33.740234,5.170E+2,
33.789063,5.010E+2,
33.837891,5.090E+2,
33.886719,5.000E+2,
33.935547,5.060E+2,
33.984375,4.890E+2,
34.03320,4.650E+2,
34.082031,4.730E+2,
34.130859,4.640E+2,
34.179688,4.670E+2,
34.228516,4.960E+2,
34.277344,4.720E+2,
34.326172,4.730E+2,
34.3750,4.560E+2,
34.423828,4.870E+2,
34.472656,4.550E+2,
34.521484,4.660E+2,
34.570313,4.780E+2,
34.619141,4.770E+2,
34.667969,4.510E+2,
34.71680,4.720E+2,
34.765625,4.820E+2,
34.814453,4.710E+2,
34.863281,4.350E+2,
34.912109,4.330E+2,
34.960938,4.880E+2,
35.009766,4.270E+2,
35.058594,4.380E+2,
35.107422,4.340E+2,
35.156250,4.200E+2,
35.205078,4.280E+2,
35.253906,4.270E+2,
35.302734,4.300E+2,
35.351563,4.230E+2,
35.400391,4.310E+2,
35.449219,4.310E+2,
35.498047,4.160E+2,
35.546875,3.840E+2,
35.59570,4.010E+2,
35.644531,3.960E+2,
35.693359,3.920E+2,
35.742188,4.080E+2,
35.791016,3.700E+2,
35.839844,3.910E+2,
35.888672,4.180E+2,
35.93750,4.030E+2,
35.986328,3.610E+2,
36.035156,4.150E+2,
36.083984,3.840E+2,
36.132813,3.740E+2,
36.181641,3.540E+2,
36.230469,3.680E+2,
36.27930,4.020E+2,
36.328125,3.860E+2,
36.376953,3.840E+2,
36.425781,3.610E+2,
36.474609,3.630E+2,
36.523438,3.850E+2,
36.572266,3.640E+2,
36.621094,3.490E+2,
36.669922,3.510E+2,
36.718750,3.580E+2,
36.767578,3.560E+2,
36.816406,3.430E+2,
36.865234,3.650E+2,
36.914063,3.500E+2,
36.962891,3.400E+2,
37.011719,3.540E+2,
37.060547,3.710E+2,
37.109375,3.510E+2,
37.15820,3.670E+2,
37.207031,3.650E+2,
37.255859,3.210E+2,
37.304688,3.230E+2,
37.353516,3.190E+2,
37.402344,3.180E+2,
37.451172,3.210E+2,
37.50,3.520E+2,
37.548828,3.180E+2,
37.597656,3.110E+2,
37.646484,3.330E+2,
37.695313,3.250E+2,
37.744141,3.080E+2,
37.792969,3.340E+2,
37.84180,2.890E+2,
37.890625,3.130E+2,
37.939453,3.080E+2,
37.988281,3.030E+2,
38.037109,3.200E+2,
38.085938,3.140E+2,
38.134766,3.050E+2,
38.183594,3.020E+2,
38.232422,3.560E+2,
38.281250,3.320E+2,
38.330078,3.080E+2,
38.378906,3.250E+2,
38.427734,3.080E+2,
38.476563,2.920E+2,
38.525391,2.750E+2,
38.574219,3.270E+2,
38.623047,3.050E+2,
38.671875,3.010E+2,
38.72070,3.340E+2,
38.769531,2.710E+2,
38.818359,2.620E+2,
38.867188,2.870E+2,
38.916016,2.710E+2,
38.964844,2.900E+2,
39.013672,2.850E+2,
39.06250,2.990E+2,
39.111328,3.110E+2,
39.160156,2.600E+2,
39.208984,2.830E+2,
39.257813,2.700E+2,
39.306641,2.890E+2,
39.355469,2.580E+2,
39.40430,2.380E+2,
39.453125,2.670E+2,
39.501953,2.660E+2,
39.550781,2.480E+2,
39.599609,2.660E+2,
39.648438,2.610E+2,
39.697266,2.660E+2,
39.746094,2.660E+2,
39.794922,2.800E+2,
39.843750,2.650E+2,
39.892578,2.430E+2,
39.941406,2.570E+2,
39.990234,2.340E+2,
40.039063,2.810E+2,
40.087891,2.090E+2,
40.136719,2.440E+2,
40.185547,2.580E+2,
40.234375,2.560E+2,
40.28320,2.580E+2,
40.332031,2.390E+2,
40.380859,2.740E+2,
40.429688,2.540E+2,
40.478516,2.530E+2,
40.527344,2.600E+2,
40.576172,2.600E+2,
40.6250,2.200E+2,
40.673828,2.450E+2,
40.722656,2.520E+2,
40.771484,2.330E+2,
40.820313,2.340E+2,
40.869141,2.220E+2,
40.917969,2.270E+2,
40.96680,2.050E+2,
41.015625,1.980E+2,
41.064453,2.370E+2,
41.113281,2.320E+2,
41.162109,2.070E+2,
41.210938,2.170E+2,
41.259766,2.560E+2,
41.308594,2.190E+2,
41.357422,2.320E+2,
41.406250,2.440E+2,
41.455078,2.640E+2,
41.503906,2.270E+2,
41.552734,2.180E+2,
41.601563,2.100E+2,
41.650391,1.970E+2,
41.699219,2.280E+2,
41.748047,1.850E+2,
41.796875,2.200E+2,
41.84570,2.250E+2,
41.894531,2.270E+2,
41.943359,2.310E+2,
41.992188,2.010E+2,
42.041016,2.310E+2,
42.089844,2.210E+2,
42.138672,2.000E+2,
42.18750,2.200E+2,
42.236328,2.180E+2,
42.285156,2.080E+2,
42.333984,1.930E+2,
42.382813,2.050E+2,
42.431641,2.020E+2,
42.480469,2.230E+2,
42.52930,2.050E+2,
42.578125,1.900E+2,
42.626953,1.730E+2,
42.675781,1.960E+2,
42.724609,1.850E+2,
42.773438,1.820E+2,
42.822266,2.260E+2,
42.871094,1.990E+2,
42.919922,1.730E+2,
42.968750,1.820E+2,
43.017578,1.940E+2,
43.066406,2.000E+2,
43.115234,1.960E+2,
43.164063,1.930E+2,
43.212891,1.570E+2,
43.261719,1.850E+2,
43.310547,1.820E+2,
43.359375,1.760E+2,
43.40820,2.020E+2,
43.457031,1.920E+2,
43.505859,2.040E+2,
43.554688,1.830E+2,
43.603516,1.670E+2,
43.652344,1.840E+2,
43.701172,1.970E+2,
43.750,1.750E+2,
43.798828,1.880E+2,
43.847656,1.770E+2,
43.896484,1.970E+2,
43.945313,1.740E+2,
43.994141,1.610E+2,
44.042969,1.900E+2,
44.09180,1.680E+2,
44.140625,1.900E+2,
44.189453,1.520E+2,
44.238281,1.480E+2,
44.287109,1.750E+2,
44.335938,1.640E+2,
44.384766,1.730E+2,
44.433594,1.550E+2,
44.482422,1.640E+2,
44.531250,1.740E+2,
44.580078,1.690E+2,
44.628906,1.380E+2,
44.677734,1.990E+2,
44.726563,1.920E+2,
44.775391,1.630E+2,
44.824219,1.320E+2,
44.873047,1.590E+2,
44.921875,1.550E+2,
44.97070,1.570E+2,
45.019531,1.420E+2,
45.068359,1.550E+2,
45.117188,1.580E+2,
45.166016,1.230E+2,
45.214844,1.640E+2,
45.263672,1.550E+2,
45.31250,1.450E+2,
45.361328,1.520E+2,
45.410156,1.420E+2,
45.458984,1.340E+2,
45.507813,1.690E+2,
45.556641,1.550E+2,
45.605469,1.320E+2,
45.65430,1.630E+2,
45.703125,1.470E+2,
45.751953,1.380E+2,
45.800781,1.640E+2,
45.849609,1.580E+2,
45.898438,1.470E+2,
45.947266,1.390E+2,
45.996094,1.280E+2,
46.044922,1.390E+2,
46.093750,1.380E+2,
46.142578,1.380E+2,
46.191406,1.470E+2,
46.240234,1.480E+2,
46.289063,1.370E+2,
46.337891,1.450E+2,
46.386719,1.500E+2,
46.435547,1.270E+2,
46.484375,1.390E+2,
46.53320,1.240E+2,
46.582031,1.290E+2,
46.630859,1.360E+2,
46.679688,1.210E+2,
46.728516,1.330E+2,
46.777344,1.300E+2,
46.826172,1.210E+2,
46.8750,1.240E+2,
46.923828,1.290E+2,
46.972656,1.190E+2,
47.021484,1.160E+2,
47.070313,1.230E+2,
47.119141,1.460E+2,
47.167969,1.330E+2,
47.21680,1.390E+2,
47.265625,1.330E+2,
47.314453,1.190E+2,
47.363281,1.380E+2,
47.412109,1.150E+2,
47.460938,1.150E+2,
47.509766,1.410E+2,
47.558594,1.160E+2,
47.607422,1.080E+2,
47.656250,1.240E+2,
47.705078,1.270E+2,
47.753906,1.360E+2,
47.802734,1.240E+2,
47.851563,1.100E+2,
47.900391,1.270E+2,
47.949219,1.010E+2,
47.998047,1.250E+2,
48.046875,1.080E+2,
48.09570,1.380E+2,
48.144531,1.190E+2,
48.193359,1.300E+2,
48.242188,1.360E+2,
48.291016,1.140E+2,
48.339844,1.240E+2,
48.388672,1.310E+2,
48.43750,1.340E+2,
48.486328,1.330E+2,
48.535156,1.360E+2,
48.583984,1.260E+2,
48.632813,1.240E+2,
48.681641,1.180E+2,
48.730469,9.800E+1,
48.77930,1.200E+2,
48.828125,1.180E+2,
48.876953,1.050E+2,
48.925781,1.230E+2,
48.974609,1.240E+2,
49.023438,1.140E+2,
49.072266,1.380E+2,
49.121094,1.010E+2,
49.169922,1.130E+2,
49.218750,1.250E+2,
49.267578,1.090E+2,
49.316406,1.050E+2,
49.365234,1.130E+2,
49.414063,1.270E+2,
49.462891,1.030E+2,
49.511719,1.100E+2,
49.560547,8.400E+1,
49.609375,9.500E+1,
49.65820,1.100E+2,
49.707031,1.180E+2,
49.755859,1.050E+2,
49.804688,1.240E+2,
49.853516,9.800E+1,
49.902344,1.200E+2,
49.951172,1.030E+2,
50.00,9.200E+1,
50.048828,1.100E+2,
50.097656,1.110E+2,
50.146484,1.040E+2,
50.195313,9.100E+1,
50.244141,1.040E+2,
50.292969,1.030E+2,
50.34180,8.500E+1,
50.390625,9.400E+1,
50.439453,1.190E+2,
50.488281,9.600E+1,
50.537109,8.400E+1,
50.585938,9.200E+1,
50.634766,1.010E+2,
50.683594,9.300E+1,
50.732422,8.500E+1,
50.781250,9.400E+1,
50.830078,8.300E+1,
50.878906,8.300E+1,
50.927734,8.300E+1,
50.976563,8.200E+1,
51.025391,9.800E+1,
51.074219,1.000E+2,
51.123047,1.140E+2,
51.171875,1.000E+2,
51.22070,8.700E+1,
51.269531,9.700E+1,
51.318359,7.500E+1,
51.367188,9.500E+1,
51.416016,7.500E+1,
51.464844,8.500E+1,
51.513672,8.900E+1,
51.56250,9.300E+1,
51.611328,9.200E+1,
51.660156,1.050E+2,
51.708984,7.900E+1,
51.757813,9.100E+1,
51.806641,9.400E+1,
51.855469,1.010E+2,
51.90430,9.400E+1,
51.953125,8.900E+1,
52.001953,8.700E+1,
52.050781,7.000E+1,
52.099609,8.100E+1,
52.148438,8.500E+1,
52.197266,1.030E+2,
52.246094,1.000E+2,
52.294922,1.050E+2,
52.343750,9.300E+1,
52.392578,8.900E+1,
52.441406,9.100E+1,
52.490234,9.000E+1,
52.539063,8.100E+1,
52.587891,9.200E+1,
52.636719,8.400E+1,
52.685547,9.200E+1,
52.734375,8.000E+1,
52.78320,9.600E+1,
52.832031,7.200E+1,
52.880859,8.400E+1,
52.929688,7.100E+1,
52.978516,7.200E+1,
53.027344,6.900E+1,
53.076172,7.100E+1,
53.1250,8.600E+1,
53.173828,6.500E+1,
53.222656,8.000E+1,
53.271484,9.200E+1,
53.320313,7.800E+1,
53.369141,7.600E+1,
53.417969,8.100E+1,
53.46680,8.100E+1,
53.515625,8.800E+1,
53.564453,6.300E+1,
53.613281,7.100E+1,
53.662109,7.400E+1,
53.710938,8.800E+1,
53.759766,7.200E+1,
53.808594,7.700E+1,
53.857422,8.400E+1,
53.906250,7.300E+1,
53.955078,7.800E+1,
54.003906,8.800E+1,
54.052734,6.500E+1,
54.101563,7.500E+1,
54.150391,9.100E+1,
54.199219,7.800E+1,
54.248047,7.300E+1,
54.296875,6.300E+1,
54.34570,7.800E+1,
54.394531,7.600E+1,
54.443359,6.100E+1,
54.492188,7.200E+1,
54.541016,6.500E+1,
54.589844,8.000E+1,
54.638672,5.900E+1,
54.68750,7.800E+1,
54.736328,6.100E+1,
54.785156,7.900E+1,
54.833984,8.300E+1,
54.882813,7.100E+1,
54.931641,7.000E+1,
54.980469,6.200E+1,
55.02930,8.200E+1,
55.078125,6.700E+1,
55.126953,7.800E+1,
55.175781,6.700E+1,
55.224609,7.200E+1,
55.273438,7.500E+1,
55.322266,8.400E+1,
55.371094,6.700E+1,
55.419922,7.200E+1,
55.468750,7.700E+1,
55.517578,6.600E+1,
55.566406,7.500E+1,
55.615234,6.700E+1,
55.664063,7.500E+1,
55.712891,6.100E+1,
55.761719,6.800E+1,
55.810547,7.500E+1,
55.859375,6.500E+1,
55.90820,5.900E+1,
55.957031,8.100E+1,
56.005859,5.200E+1,
56.054688,6.400E+1,
56.103516,5.800E+1,
56.152344,6.000E+1,
56.201172,8.200E+1,
56.250,5.400E+1,
56.298828,7.900E+1,
56.347656,6.700E+1,
56.396484,6.300E+1,
56.445313,5.300E+1,
56.494141,6.600E+1,
56.542969,6.500E+1,
56.59180,4.000E+1,
56.640625,6.100E+1,
56.689453,7.200E+1,
56.738281,5.300E+1,
56.787109,7.300E+1,
56.835938,4.400E+1,
56.884766,7.500E+1,
56.933594,4.300E+1,
56.982422,6.000E+1,
57.031250,6.600E+1,
57.080078,5.900E+1,
57.128906,6.200E+1,
57.177734,5.800E+1,
57.226563,4.800E+1,
57.275391,6.900E+1,
57.324219,6.700E+1,
57.373047,5.200E+1,
57.421875,8.300E+1,
57.47070,5.400E+1,
57.519531,6.400E+1,
57.568359,6.400E+1,
57.617188,7.000E+1,
57.666016,6.100E+1,
57.714844,5.500E+1,
57.763672,6.200E+1,
57.81250,6.400E+1,
57.861328,5.800E+1,
57.910156,4.500E+1,
57.958984,5.700E+1,
58.007813,4.700E+1,
58.056641,6.200E+1,
58.105469,4.500E+1,
58.15430,5.900E+1,
58.203125,6.100E+1,
58.251953,6.300E+1,
58.300781,6.200E+1,
58.349609,6.100E+1,
58.398438,4.700E+1,
58.447266,6.200E+1,
58.496094,5.600E+1,
58.544922,6.200E+1,
58.593750,5.500E+1,
58.642578,5.500E+1,
58.691406,5.300E+1,
58.740234,5.900E+1,
58.789063,4.200E+1,
58.837891,4.100E+1,
58.886719,5.900E+1,
58.935547,6.100E+1,
58.984375,4.900E+1,
59.03320,5.500E+1,
59.082031,6.200E+1,
59.130859,6.100E+1,
59.179688,4.800E+1,
59.228516,5.400E+1,
59.277344,4.600E+1,
59.326172,4.600E+1,
59.3750,5.500E+1,
59.423828,4.900E+1,
59.472656,5.700E+1,
59.521484,5.700E+1,
59.570313,5.600E+1,
59.619141,5.300E+1,
59.667969,6.000E+1,
59.71680,5.000E+1,
59.765625,5.900E+1,
59.814453,5.600E+1,
59.863281,6.100E+1,
59.912109,4.600E+1,
59.960938,4.300E+1,
60.009766,5.100E+1,
60.058594,4.100E+1,
60.107422,6.100E+1,
60.156250,4.000E+1,
60.205078,4.400E+1,
60.253906,4.300E+1,
60.302734,4.400E+1,
60.351563,6.500E+1,
60.400391,4.700E+1,
60.449219,4.800E+1,
60.498047,4.800E+1,
60.546875,5.300E+1,
60.59570,4.700E+1,
60.644531,4.200E+1,
60.693359,4.900E+1,
60.742188,5.100E+1,
60.791016,5.900E+1,
60.839844,4.300E+1,
60.888672,4.200E+1,
60.93750,3.500E+1,
60.986328,4.800E+1,
61.035156,5.000E+1,
61.083984,4.100E+1,
61.132813,3.800E+1,
61.181641,5.600E+1,
61.230469,5.500E+1,
61.27930,5.000E+1,
61.328125,3.700E+1,
61.376953,4.400E+1,
61.425781,3.900E+1,
61.474609,4.500E+1,
61.523438,5.900E+1,
61.572266,4.400E+1,
61.621094,4.400E+1,
61.669922,3.600E+1,
61.718750,3.300E+1,
61.767578,4.100E+1,
61.816406,4.800E+1,
61.865234,5.800E+1,
61.914063,3.800E+1,
61.962891,4.400E+1,
62.011719,4.600E+1,
62.060547,4.700E+1,
62.109375,4.400E+1,
62.15820,4.400E+1,
62.207031,3.600E+1,
62.255859,3.500E+1,
62.304688,4.400E+1,
62.353516,4.400E+1,
62.402344,4.700E+1,
62.451172,4.900E+1,
62.50,3.900E+1,
62.548828,4.400E+1,
62.597656,4.000E+1,
62.646484,4.700E+1,
62.695313,4.900E+1,
62.744141,3.500E+1,
62.792969,3.300E+1,
62.84180,3.600E+1,
62.890625,6.000E+1,
62.939453,3.800E+1,
62.988281,5.700E+1,
63.037109,4.500E+1,
63.085938,3.300E+1,
63.134766,4.100E+1,
63.183594,3.200E+1,
63.232422,4.500E+1,
63.281250,4.000E+1,
63.330078,4.900E+1,
63.378906,4.900E+1,
63.427734,3.300E+1,
63.476563,3.900E+1,
63.525391,5.600E+1,
63.574219,3.600E+1,
63.623047,3.400E+1,
63.671875,5.100E+1,
63.72070,3.700E+1,
63.769531,4.900E+1,
63.818359,4.400E+1,
63.867188,4.100E+1,
63.916016,2.900E+1,
63.964844,3.700E+1,
64.013672,3.300E+1,
64.06250,4.200E+1,
64.111328,2.900E+1,
64.160156,4.000E+1,
64.208984,4.500E+1,
64.257813,4.300E+1,
64.306641,5.100E+1,
64.355469,4.300E+1,
64.40430,3.300E+1,
64.453125,4.000E+1,
64.501953,3.500E+1,
64.550781,4.500E+1,
64.599609,3.600E+1,
64.648438,4.300E+1,
64.697266,4.000E+1,
64.746094,4.300E+1,
64.794922,3.000E+1,
64.843750,3.200E+1,
64.892578,4.200E+1,
64.941406,4.000E+1,
64.990234,4.000E+1,
65.039063,3.700E+1,
65.087891,3.200E+1,
65.136719,3.900E+1,
65.185547,2.800E+1,
65.234375,3.300E+1,
65.28320,3.600E+1,
65.332031,4.400E+1,
65.380859,3.800E+1,
65.429688,4.400E+1,
65.478516,3.200E+1,
65.527344,3.300E+1,
65.576172,2.800E+1,
65.6250,2.800E+1,
65.673828,4.800E+1,
65.722656,4.500E+1,
65.771484,4.300E+1,
65.820313,4.400E+1,
65.869141,4.400E+1,
65.917969,2.700E+1,
65.96680,3.300E+1,
66.015625,3.900E+1,
66.064453,2.600E+1,
66.113281,3.100E+1,
66.162109,3.400E+1,
66.210938,2.800E+1,
66.259766,3.500E+1,
66.308594,3.000E+1,
66.357422,4.500E+1,
66.406250,4.600E+1,
66.455078,3.500E+1,
66.503906,3.600E+1,
66.552734,3.600E+1,
66.601563,3.800E+1,
66.650391,3.500E+1,
66.699219,3.200E+1,
66.748047,3.900E+1,
66.796875,3.200E+1,
66.84570,4.600E+1,
66.894531,3.400E+1,
66.943359,2.900E+1,
66.992188,2.900E+1,
67.041016,4.200E+1,
67.089844,2.300E+1,
67.138672,2.500E+1,
67.18750,2.900E+1,
67.236328,4.100E+1,
67.285156,3.900E+1,
67.333984,3.300E+1,
67.382813,3.500E+1,
67.431641,3.000E+1,
67.480469,2.800E+1,
67.52930,3.600E+1,
67.578125,3.100E+1,
67.626953,3.500E+1,
67.675781,3.500E+1,
67.724609,3.500E+1,
67.773438,2.100E+1,
67.822266,3.600E+1,
67.871094,2.600E+1,
67.919922,3.200E+1,
67.968750,3.400E+1,
68.017578,3.900E+1,
68.066406,2.400E+1,
68.115234,2.700E+1,
68.164063,3.800E+1,
68.212891,2.400E+1,
68.261719,2.500E+1,
68.310547,3.100E+1,
68.359375,2.400E+1,
68.40820,2.300E+1,
68.457031,3.200E+1,
68.505859,3.000E+1,
68.554688,3.800E+1,
68.603516,4.300E+1,
68.652344,2.700E+1,
68.701172,3.600E+1,
68.750,2.900E+1,
68.798828,3.700E+1,
68.847656,3.400E+1,
68.896484,2.600E+1,
68.945313,3.200E+1,
68.994141,2.900E+1,
69.042969,2.800E+1,
69.09180,3.200E+1,
69.140625,2.900E+1,
69.189453,2.900E+1,
69.238281,2.700E+1,
69.287109,2.800E+1,
69.335938,3.600E+1,
69.384766,2.900E+1,
69.433594,2.600E+1,
69.482422,3.300E+1,
69.531250,2.300E+1,
69.580078,3.300E+1,
69.628906,2.400E+1,
69.677734,2.700E+1,
69.726563,4.000E+1,
69.775391,3.200E+1,
69.824219,2.400E+1,
69.873047,3.400E+1,
69.921875,2.400E+1,
69.97070,3.300E+1,
70.019531,2.400E+1,
70.068359,2.800E+1,
70.117188,3.700E+1,
70.166016,3.000E+1,
70.214844,3.700E+1,
70.263672,3.800E+1,
70.31250,3.300E+1,
70.361328,2.100E+1,
70.410156,2.900E+1,
70.458984,3.200E+1,
70.507813,1.800E+1,
70.556641,3.000E+1,
70.605469,2.700E+1,
70.65430,3.500E+1,
70.703125,3.000E+1,
70.751953,2.500E+1,
70.800781,1.700E+1,
70.849609,2.400E+1,
70.898438,3.400E+1,
70.947266,2.300E+1,
70.996094,3.400E+1,
71.044922,3.500E+1,
71.093750,2.700E+1,
71.142578,3.200E+1,
71.191406,3.500E+1,
71.240234,2.400E+1,
71.289063,2.500E+1,
71.337891,2.300E+1,
71.386719,3.400E+1,
71.435547,3.200E+1,
71.484375,3.000E+1,
71.53320,3.100E+1,
71.582031,2.200E+1,
71.630859,3.000E+1,
71.679688,2.600E+1,
71.728516,1.600E+1,
71.777344,3.100E+1,
71.826172,2.300E+1,
71.8750,3.800E+1,
71.923828,2.600E+1,
71.972656,2.000E+1,
72.021484,2.500E+1,
72.070313,2.600E+1,
72.119141,2.900E+1,
72.167969,3.000E+1,
72.21680,3.100E+1,
72.265625,2.800E+1,
72.314453,3.300E+1,
72.363281,2.600E+1,
72.412109,2.400E+1,
72.460938,3.500E+1,
72.509766,2.700E+1,
72.558594,2.800E+1,
72.607422,2.500E+1,
72.656250,2.500E+1,
72.705078,2.100E+1,
72.753906,2.600E+1,
72.802734,3.600E+1,
72.851563,2.700E+1,
72.900391,2.400E+1,
72.949219,2.500E+1,
72.998047,2.900E+1,
73.046875,2.600E+1,
73.09570,1.800E+1,
73.144531,3.100E+1,
73.193359,2.200E+1,
73.242188,2.700E+1,
73.291016,2.800E+1,
73.339844,2.200E+1,
73.388672,2.700E+1,
73.43750,2.400E+1,
73.486328,2.200E+1,
73.535156,2.300E+1,
73.583984,1.800E+1,
73.632813,2.800E+1,
73.681641,3.100E+1,
73.730469,2.800E+1,
73.77930,3.600E+1,
73.828125,2.800E+1,
73.876953,2.000E+1,
73.925781,2.300E+1,
73.974609,2.600E+1,
74.023438,2.600E+1,
74.072266,3.000E+1,
74.121094,2.600E+1,
74.169922,1.600E+1,
74.218750,2.600E+1,
74.267578,2.900E+1,
74.316406,2.700E+1,
74.365234,1.400E+1,
74.414063,2.600E+1,
74.462891,2.400E+1,
74.511719,3.000E+1,
74.560547,2.300E+1,
74.609375,2.900E+1,
74.65820,2.100E+1,
74.707031,1.800E+1,
74.755859,2.800E+1,
74.804688,2.600E+1,
74.853516,2.600E+1,
74.902344,2.500E+1,
74.951172,2.400E+1,
75.00,2.200E+1,
75.048828,2.400E+1,
75.097656,2.500E+1,
75.146484,3.200E+1,
75.195313,2.700E+1,
75.244141,1.900E+1,
75.292969,2.900E+1,
75.34180,2.200E+1,
75.390625,2.500E+1,
75.439453,2.000E+1,
75.488281,2.800E+1,
75.537109,1.700E+1,
75.585938,1.900E+1,
75.634766,2.200E+1,
75.683594,3.000E+1,
75.732422,1.700E+1,
75.781250,2.200E+1,
75.830078,1.100E+1,
75.878906,2.400E+1,
75.927734,2.600E+1,
75.976563,2.200E+1,
76.025391,2.200E+1,
76.074219,2.800E+1,
76.123047,1.600E+1,
76.171875,2.000E+1,
76.22070,1.400E+1,
76.269531,3.400E+1,
76.318359,2.100E+1,
76.367188,3.100E+1,
76.416016,2.100E+1,
76.464844,2.000E+1,
76.513672,1.300E+1,
76.56250,2.400E+1,
76.611328,2.400E+1,
76.660156,2.200E+1,
76.708984,2.100E+1,
76.757813,2.200E+1,
76.806641,2.300E+1,
76.855469,2.300E+1,
76.90430,1.900E+1,
76.953125,2.700E+1,
77.001953,2.300E+1,
77.050781,1.700E+1,
77.099609,1.700E+1,
77.148438,3.100E+1,
77.197266,1.000E+1,
77.246094,1.400E+1,
77.294922,2.500E+1,
77.343750,2.800E+1,
77.392578,1.800E+1,
77.441406,3.000E+1,
77.490234,1.500E+1,
77.539063,1.300E+1,
77.587891,1.700E+1,
77.636719,2.800E+1,
77.685547,2.000E+1,
77.734375,2.400E+1,
77.78320,2.100E+1,
77.832031,2.700E+1,
77.880859,1.600E+1,
77.929688,1.800E+1,
77.978516,2.300E+1,
78.027344,2.000E+1,
78.076172,2.700E+1,
78.1250,2.400E+1,
78.173828,1.700E+1,
78.222656,2.300E+1,
78.271484,2.400E+1,
78.320313,1.400E+1,
78.369141,2.000E+1,
78.417969,9.000E+0,
78.46680,2.400E+1,
78.515625,1.500E+1,
78.564453,2.900E+1,
78.613281,1.900E+1,
78.662109,2.000E+1,
78.710938,2.000E+1,
78.759766,2.200E+1,
78.808594,2.100E+1,
78.857422,2.400E+1,
78.906250,2.100E+1,
78.955078,1.800E+1,
79.003906,2.200E+1,
79.052734,1.700E+1,
79.101563,2.200E+1,
79.150391,2.000E+1,
79.199219,1.700E+1,
79.248047,1.600E+1,
79.296875,1.600E+1,
79.34570,2.500E+1,
79.394531,1.700E+1,
79.443359,2.100E+1,
79.492188,1.400E+1,
79.541016,1.900E+1,
79.589844,1.100E+1,
79.638672,1.700E+1,
79.68750,1.700E+1,
79.736328,1.700E+1,
79.785156,2.400E+1,
79.833984,1.800E+1,
79.882813,1.900E+1,
79.931641,2.100E+1,
79.980469,2.800E+1,
80.02930,2.300E+1,
80.078125,2.200E+1,
80.126953,1.900E+1,
80.175781,1.900E+1,
80.224609,1.700E+1,
80.273438,2.000E+1,
80.322266,1.600E+1,
80.371094,2.000E+1,
80.419922,2.400E+1,
80.468750,2.100E+1,
80.517578,2.000E+1,
80.566406,1.400E+1,
80.615234,1.500E+1,
80.664063,2.300E+1,
80.712891,1.700E+1,
80.761719,1.500E+1,
80.810547,2.100E+1,
80.859375,2.500E+1,
80.90820,1.900E+1,
80.957031,2.300E+1,
81.005859,1.500E+1,
81.054688,2.000E+1,
81.103516,1.400E+1,
81.152344,2.800E+1,
81.201172,1.300E+1,
81.250,1.200E+1,
81.298828,1.800E+1,
81.347656,1.500E+1,
81.396484,1.700E+1,
81.445313,1.300E+1,
81.494141,1.800E+1,
81.542969,1.500E+1,
81.59180,1.900E+1,
81.640625,1.400E+1,
81.689453,1.300E+1,
81.738281,1.600E+1,
81.787109,1.200E+1,
81.835938,1.300E+1,
81.884766,3.100E+1,
81.933594,2.300E+1,
81.982422,2.000E+1,
82.031250,1.500E+1,
82.080078,1.300E+1,
82.128906,1.200E+1,
82.177734,2.000E+1,
82.226563,2.000E+1,
82.275391,2.100E+1,
82.324219,1.600E+1,
82.373047,1.000E+1,
82.421875,1.300E+1,
82.47070,1.200E+1,
82.519531,2.400E+1,
82.568359,2.100E+1,
82.617188,2.100E+1,
82.666016,1.700E+1,
82.714844,1.500E+1,
82.763672,2.400E+1,
82.81250,1.900E+1,
82.861328,1.300E+1,
82.910156,2.400E+1,
82.958984,2.200E+1,
83.007813,1.200E+1,
83.056641,2.300E+1,
83.105469,1.900E+1,
83.15430,2.900E+1,
83.203125,2.100E+1,
83.251953,2.000E+1,
83.300781,1.900E+1,
83.349609,1.500E+1,
83.398438,1.700E+1,
83.447266,2.300E+1,
83.496094,1.900E+1,
83.544922,2.000E+1,
83.593750,1.600E+1,
83.642578,2.500E+1,
83.691406,1.500E+1,
83.740234,2.000E+1,
83.789063,1.200E+1,
83.837891,1.400E+1,
83.886719,1.500E+1,
83.935547,1.500E+1,
83.984375,1.300E+1,
84.03320,1.800E+1,
84.082031,1.400E+1,
84.130859,1.300E+1,
84.179688,1.100E+1,
84.228516,2.400E+1,
84.277344,2.200E+1,
84.326172,2.300E+1,
84.3750,1.800E+1,
84.423828,1.100E+1,
84.472656,1.300E+1,
84.521484,2.500E+1,
84.570313,2.000E+1,
84.619141,2.300E+1,
84.667969,1.200E+1,
84.71680,1.200E+1,
84.765625,2.000E+1,
84.814453,1.200E+1,
84.863281,1.700E+1,
84.912109,1.700E+1,
84.960938,1.500E+1,
85.009766,2.600E+1,
85.058594,1.600E+1,
85.107422,1.700E+1,
85.156250,1.600E+1,
85.205078,1.700E+1,
85.253906,1.400E+1,
85.302734,1.500E+1,
85.351563,1.800E+1,
85.400391,1.600E+1,
85.449219,1.200E+1,
85.498047,2.100E+1,
85.546875,1.400E+1,
85.59570,1.600E+1,
85.644531,1.700E+1,
85.693359,1.500E+1,
85.742188,1.600E+1,
85.791016,1.700E+1,
85.839844,1.500E+1,
85.888672,1.200E+1,
85.93750,1.400E+1,
85.986328,2.000E+1,
86.035156,2.600E+1,
86.083984,1.600E+1,
86.132813,1.400E+1,
86.181641,2.500E+1,
86.230469,1.400E+1,
86.27930,1.500E+1,
86.328125,1.000E+1,
86.376953,1.000E+1,
86.425781,2.200E+1,
86.474609,1.300E+1,
86.523438,1.900E+1,
86.572266,2.000E+1,
86.621094,1.100E+1,
86.669922,1.100E+1,
86.718750,1.600E+1,
86.767578,1.900E+1,
86.816406,2.300E+1,
86.865234,1.600E+1,
86.914063,1.300E+1,
86.962891,1.600E+1,
87.011719,2.100E+1,
87.060547,1.400E+1,
87.109375,1.800E+1,
87.15820,1.200E+1,
87.207031,2.400E+1,
87.255859,1.800E+1,
87.304688,1.700E+1,
87.353516,2.100E+1,
87.402344,2.200E+1,
87.451172,1.800E+1,
87.50,1.500E+1,
87.548828,1.300E+1,
87.597656,1.600E+1,
87.646484,1.200E+1,
87.695313,1.900E+1,
87.744141,2.700E+1,
87.792969,1.100E+1,
87.84180,1.400E+1,
87.890625,1.300E+1,
87.939453,1.700E+1,
87.988281,1.700E+1,
88.037109,1.200E+1,
88.085938,1.600E+1,
88.134766,2.100E+1,
88.183594,1.700E+1,
88.232422,2.000E+1,
88.281250,1.900E+1,
88.330078,1.500E+1,
88.378906,1.000E+1,
88.427734,1.700E+1,
88.476563,1.800E+1,
88.525391,1.400E+1,
88.574219,1.300E+1,
88.623047,1.400E+1,
88.671875,1.300E+1,
88.72070,1.400E+1,
88.769531,1.800E+1,
88.818359,8.000E+0,
88.867188,1.300E+1,
88.916016,1.600E+1,
88.964844,1.100E+1,
89.013672,1.000E+1,
89.06250,1.800E+1,
89.111328,1.800E+1,
89.160156,1.400E+1,
89.208984,1.700E+1,
89.257813,2.000E+1,
89.306641,1.900E+1,
89.355469,1.400E+1,
89.40430,1.500E+1,
89.453125,1.800E+1,
89.501953,2.400E+1,
89.550781,1.300E+1,
89.599609,1.700E+1,
89.648438,1.200E+1,
89.697266,8.000E+0,
89.746094,1.500E+1,
89.794922,9.000E+0,
89.843750,1.600E+1,
89.892578,1.000E+1,
89.941406,1.300E+1,
89.990234,1.700E+1,
90.039063,1.500E+1,
90.087891,1.600E+1,
90.136719,2.200E+1,
90.185547,1.100E+1,
90.234375,2.000E+1,
90.28320,1.400E+1,
90.332031,1.200E+1,
90.380859,1.500E+1,
90.429688,2.000E+1,
90.478516,1.400E+1,
90.527344,1.600E+1,
90.576172,1.000E+1,
90.6250,1.100E+1,
90.673828,1.000E+1,
90.722656,1.700E+1,
90.771484,1.600E+1,
90.820313,1.700E+1,
90.869141,8.000E+0,
90.917969,2.300E+1,
90.96680,1.000E+1,
91.015625,1.300E+1,
91.064453,1.400E+1,
91.113281,1.400E+1,
91.162109,8.000E+0,
91.210938,1.800E+1,
91.259766,1.100E+1,
91.308594,1.300E+1,
91.357422,1.700E+1,
91.406250,1.900E+1,
91.455078,1.800E+1,
91.503906,2.100E+1,
91.552734,1.100E+1,
91.601563,1.100E+1,
91.650391,1.100E+1,
91.699219,1.500E+1,
91.748047,1.600E+1,
91.796875,2.100E+1,
91.84570,1.400E+1,
91.894531,1.400E+1,
91.943359,1.100E+1,
91.992188,1.400E+1,
92.041016,1.100E+1,
92.089844,1.700E+1,
92.138672,1.400E+1,
92.18750,2.000E+1,
92.236328,1.600E+1,
92.285156,1.300E+1,
92.333984,2.000E+1,
92.382813,1.800E+1,
92.431641,1.200E+1,
92.480469,1.600E+1,
92.52930,8.000E+0,
92.578125,2.000E+1,
92.626953,1.500E+1,
92.675781,1.000E+1,
92.724609,1.500E+1,
92.773438,1.300E+1,
92.822266,1.400E+1,
92.871094,1.500E+1,
92.919922,1.600E+1,
92.968750,2.000E+1,
93.017578,9.000E+0,
93.066406,1.000E+1,
93.115234,1.700E+1,
93.164063,8.000E+0,
93.212891,1.300E+1,
93.261719,1.000E+1,
93.310547,1.300E+1,
93.359375,1.200E+1,
93.40820,1.700E+1,
93.457031,1.900E+1,
93.505859,1.200E+1,
93.554688,1.100E+1,
93.603516,1.200E+1,
93.652344,1.100E+1,
93.701172,1.300E+1,
93.750,1.000E+1,
93.798828,1.100E+1,
93.847656,1.800E+1,
93.896484,1.000E+1,
93.945313,1.800E+1,
93.994141,1.700E+1,
94.042969,1.200E+1,
94.09180,1.300E+1,
94.140625,1.100E+1,
94.189453,8.000E+0,
94.238281,1.100E+1,
94.287109,1.200E+1,
94.335938,1.500E+1,
94.384766,1.400E+1,
94.433594,1.200E+1,
94.482422,1.500E+1,
94.531250,1.200E+1,
94.580078,1.400E+1,
94.628906,9.000E+0,
94.677734,1.500E+1,
94.726563,1.700E+1,
94.775391,1.200E+1,
94.824219,1.300E+1,
94.873047,1.300E+1,
94.921875,1.600E+1,
94.97070,9.000E+0,
95.019531,1.100E+1,
95.068359,1.400E+1,
95.117188,1.400E+1,
95.166016,1.500E+1,
95.214844,1.300E+1,
95.263672,1.200E+1,
95.31250,1.200E+1,
95.361328,1.100E+1,
95.410156,1.000E+1,
95.458984,1.200E+1,
95.507813,1.000E+1,
95.556641,1.200E+1,
95.605469,1.800E+1,
95.65430,1.600E+1,
95.703125,1.000E+1,
95.751953,1.100E+1,
95.800781,1.600E+1,
95.849609,1.000E+1,
95.898438,7.000E+0,
95.947266,1.400E+1,
95.996094,1.600E+1,
96.044922,1.100E+1,
96.093750,1.000E+1,
96.142578,1.000E+1,
96.191406,1.300E+1,
96.240234,1.300E+1,
96.289063,1.500E+1,
96.337891,1.400E+1,
96.386719,1.200E+1,
96.435547,1.600E+1,
96.484375,1.700E+1,
96.53320,1.500E+1,
96.582031,1.600E+1,
96.630859,1.000E+1,
96.679688,1.000E+1,
96.728516,8.000E+0,
96.777344,9.000E+0,
96.826172,1.100E+1,
96.8750,1.500E+1,
96.923828,1.200E+1,
96.972656,1.000E+1,
97.021484,2.000E+1,
97.070313,1.400E+1,
97.119141,1.400E+1,
97.167969,1.300E+1,
97.21680,1.200E+1,
97.265625,1.300E+1,
97.314453,1.000E+1,
97.363281,1.200E+1,
97.412109,1.000E+1,
97.460938,1.000E+1,
97.509766,1.100E+1,
97.558594,1.000E+1,
97.607422,1.500E+1,
97.656250,1.000E+1,
97.705078,1.400E+1,
97.753906,1.600E+1,
97.802734,1.000E+1,
97.851563,1.700E+1,
97.900391,1.400E+1,
97.949219,6.000E+0,
97.998047,1.600E+1,
98.046875,1.100E+1,
98.09570,1.000E+1,
98.144531,1.600E+1,
98.193359,7.000E+0,
98.242188,1.300E+1,
98.291016,8.000E+0,
98.339844,7.000E+0,
98.388672,1.600E+1,
98.43750,9.000E+0,
98.486328,1.300E+1,
98.535156,1.200E+1,
98.583984,8.000E+0,
98.632813,6.000E+0,
98.681641,1.900E+1,
98.730469,1.000E+1,
98.77930,1.000E+1,
98.828125,9.000E+0,
98.876953,1.400E+1,
98.925781,1.400E+1,
98.974609,1.400E+1,
99.023438,1.700E+1,
99.072266,1.100E+1,
99.121094,1.200E+1,
99.169922,1.000E+1,
99.218750,1.000E+1,
99.267578,1.400E+1,
99.316406,1.000E+1,
99.365234,1.100E+1,
99.414063,1.000E+1,
99.462891,8.000E+0,
99.511719,1.200E+1,
99.560547,1.400E+1,
99.609375,1.100E+1,
99.65820,6.000E+0,
99.707031,9.000E+0,
99.755859,8.000E+0,
99.804688,1.900E+1,
99.853516,1.000E+1,
99.902344,1.000E+1,
99.951172,1.100E+1,
100.00,8.000E+0,
100.048830,1.400E+1,
100.097660,8.000E+0,
100.146480,1.500E+1,
100.195310,1.000E+1,
100.244140,6.000E+0,
100.29300,1.600E+1,
100.341800,1.000E+1,
100.390630,1.100E+1,
100.439450,1.300E+1,
100.488280,1.200E+1,
100.537110,1.100E+1,
100.585940,9.000E+0,
100.634770,1.500E+1,
100.683590,1.400E+1,
100.732420,1.500E+1,
100.781250,9.000E+0,
100.830080,1.300E+1,
100.878910,1.700E+1,
100.927730,1.500E+1,
100.976560,1.100E+1,
101.025390,1.000E+1,
101.074220,1.700E+1,
101.12300,1.100E+1,
101.171880,9.000E+0,
101.220700,9.000E+0,
101.269530,1.400E+1,
101.318360,1.100E+1,
101.367190,1.600E+1,
101.41600,1.100E+1,
101.464840,1.000E+1,
101.513670,7.000E+0,
101.562500,1.200E+1,
101.611330,9.000E+0,
101.660160,1.000E+1,
101.70900,8.000E+0,
101.757810,8.000E+0,
101.806640,7.000E+0,
101.855470,1.100E+1,
101.904300,8.000E+0,
101.953130,8.000E+0,
102.00200,1.900E+1,
102.050780,2.100E+1,
102.099610,1.500E+1,
102.148440,7.000E+0,
102.197270,6.000E+0,
102.246090,1.300E+1,
102.294920,7.000E+0,
102.343750,1.200E+1,
102.392580,1.300E+1,
102.441410,1.100E+1,
102.490230,7.000E+0,
102.539060,1.600E+1,
102.587890,1.100E+1,
102.636720,1.000E+1,
102.685550,9.000E+0,
102.734380,9.000E+0,
102.783200,1.200E+1,
102.83200,1.000E+1,
102.880860,1.600E+1,
102.929690,1.200E+1,
102.978520,1.200E+1,
103.027340,9.000E+0,
103.076170,8.000E+0,
103.12500,1.000E+1,
103.173830,1.000E+1,
103.222660,1.200E+1,
103.271480,1.200E+1,
103.320310,1.200E+1,
103.369140,5.000E+0,
103.41800,1.300E+1,
103.466800,1.600E+1,
103.515630,9.000E+0,
103.564450,1.000E+1,
103.613280,5.000E+0,
103.662110,1.600E+1,
103.710940,1.600E+1,
103.759770,5.000E+0,
103.808590,8.000E+0,
103.857420,6.000E+0,
103.906250,1.100E+1,
103.955080,5.000E+0,
104.003910,9.000E+0,
104.052730,1.000E+1,
104.101560,6.000E+0,
104.150390,7.000E+0,
104.199220,7.000E+0,
104.24800,7.000E+0,
104.296880,1.500E+1,
104.345700,5.000E+0,
104.394530,9.000E+0,
104.443360,1.100E+1,
104.492190,1.000E+1,
104.54100,7.000E+0,
104.589840,1.200E+1,
104.638670,1.000E+1,
104.687500,1.300E+1,
104.736330,1.100E+1,
104.785160,1.000E+1,
104.83400,1.200E+1,
104.882810,8.000E+0,
104.931640,1.700E+1,
104.980470,9.000E+0,
105.029300,1.200E+1,
105.078130,8.000E+0,
105.12700,4.000E+0,
105.175780,1.300E+1,
105.224610,7.000E+0,
105.273440,9.000E+0,
105.322270,5.000E+0,
105.371090,8.000E+0,
105.419920,8.000E+0,
105.468750,8.000E+0,
105.517580,1.000E+1,
105.566410,6.000E+0,
105.615230,1.100E+1,
105.664060,1.300E+1,
105.712890,4.000E+0,
105.761720,1.000E+1,
105.810550,1.000E+1,
105.859380,1.400E+1,
105.908200,1.000E+1,
105.95700,9.000E+0,
106.005860,1.000E+1,
106.054690,1.200E+1,
106.103520,1.700E+1,
106.152340,1.600E+1,
106.201170,8.000E+0,
106.2500,8.000E+0,
106.298830,9.000E+0,
106.347660,9.000E+0,
106.396480,1.000E+1,
106.445310,1.800E+1,
106.494140,1.100E+1,
106.54300,1.400E+1,
106.591800,1.100E+1,
106.640630,1.400E+1,
106.689450,1.000E+1,
106.738280,7.000E+0,
106.787110,1.000E+1,
106.835940,1.200E+1,
106.884770,1.300E+1,
106.933590,1.300E+1,
106.982420,1.000E+1,
107.031250,6.000E+0,
107.080080,5.000E+0,
107.128910,7.000E+0,
107.177730,8.000E+0,
107.226560,9.000E+0,
107.275390,5.000E+0,
107.324220,9.000E+0,
107.37300,1.500E+1,
107.421880,1.000E+1,
107.470700,1.600E+1,
107.519530,8.000E+0,
107.568360,1.600E+1,
107.617190,1.400E+1,
107.66600,6.000E+0,
107.714840,1.200E+1,
107.763670,6.000E+0,
107.812500,1.000E+1,
107.861330,6.000E+0,
107.910160,1.100E+1,
107.95900,1.000E+1,
108.007810,1.100E+1,
108.056640,1.500E+1,
108.105470,6.000E+0,
108.154300,1.000E+1,
108.203130,7.000E+0,
108.25200,9.000E+0,
108.300780,1.000E+1,
108.349610,8.000E+0,
108.398440,9.000E+0,
108.447270,1.200E+1,
108.496090,9.000E+0,
108.544920,1.300E+1,
108.593750,9.000E+0,
108.642580,9.000E+0,
108.691410,8.000E+0,
108.740230,8.000E+0,
108.789060,1.200E+1,
108.837890,9.000E+0,
108.886720,1.000E+1,
108.935550,1.100E+1,
108.984380,1.100E+1,
109.033200,1.800E+1,
109.08200,1.000E+1,
109.130860,1.100E+1,
109.179690,5.000E+0,
109.228520,9.000E+0,
109.277340,1.100E+1,
109.326170,1.200E+1,
109.37500,1.100E+1,
109.423830,9.000E+0,
109.472660,8.000E+0,
109.521480,5.000E+0,
109.570310,7.000E+0,
109.619140,1.000E+1,
109.66800,7.000E+0,
109.716800,6.000E+0,
109.765630,1.300E+1,
109.814450,8.000E+0,
109.863280,1.400E+1,
109.912110,1.100E+1,
109.960940,9.000E+0,
110.009770,7.000E+0,
110.058590,1.000E+1,
110.107420,8.000E+0,
110.156250,1.200E+1,
110.205080,6.000E+0,
110.253910,6.000E+0,
110.302730,1.000E+1,
110.351560,5.000E+0,
110.400390,7.000E+0,
110.449220,8.000E+0,
110.49800,1.100E+1,
110.546880,6.000E+0,
110.595700,1.300E+1,
110.644530,6.000E+0,
110.693360,1.400E+1,
110.742190,1.500E+1,
110.79100,7.000E+0,
110.839840,9.000E+0,
110.888670,8.000E+0,
110.937500,1.000E+1,
110.986330,7.000E+0,
111.035160,8.000E+0,
111.08400,8.000E+0,
111.132810,6.000E+0,
111.181640,1.200E+1,
111.230470,1.300E+1,
111.279300,1.200E+1,
111.328130,5.000E+0,
111.37700,9.000E+0,
111.425780,1.200E+1,
111.474610,8.000E+0,
111.523440,9.000E+0,
111.572270,7.000E+0,
111.621090,7.000E+0,
111.669920,1.200E+1,
111.718750,9.000E+0,
111.767580,7.000E+0,
111.816410,8.000E+0,
111.865230,1.100E+1,
111.914060,1.300E+1,
111.962890,9.000E+0,
112.011720,8.000E+0,
112.060550,6.000E+0,
112.109380,1.000E+1,
112.158200,8.000E+0,
112.20700,5.000E+0,
112.255860,7.000E+0,
112.304690,7.000E+0,
112.353520,9.000E+0,
112.402340,1.000E+1,
112.451170,1.100E+1,
112.500,8.000E+0,
112.548830,5.000E+0,
112.597660,5.000E+0,
112.646480,1.600E+1,
112.695310,1.100E+1,
112.744140,9.000E+0,
112.79300,6.000E+0,
112.841800,5.000E+0,
112.890630,5.000E+0,
112.939450,8.000E+0,
112.988280,8.000E+0,
113.037110,1.300E+1,
113.085940,1.100E+1,
113.134770,5.000E+0,
113.183590,8.000E+0,
113.232420,4.000E+0,
113.281250,8.000E+0,
113.330080,1.000E+1,
113.378910,8.000E+0,
113.427730,1.000E+1,
113.476560,9.000E+0,
113.525390,9.000E+0,
113.574220,6.000E+0,
113.62300,1.000E+1,
113.671880,8.000E+0,
113.720700,1.200E+1,
113.769530,7.000E+0,
113.818360,8.000E+0,
113.867190,5.000E+0,
113.91600,6.000E+0,
113.964840,7.000E+0,
114.013670,6.000E+0,
114.062500,1.100E+1,
114.111330,9.000E+0,
114.160160,1.300E+1,
114.20900,1.100E+1,
114.257810,1.000E+1,
114.306640,7.000E+0,
114.355470,1.000E+1,
114.404300,9.000E+0,
114.453130,9.000E+0,
114.50200,9.000E+0,
114.550780,7.000E+0,
114.599610,1.100E+1,
114.648440,6.000E+0,
114.697270,9.000E+0,
114.746090,4.000E+0,
114.794920,7.000E+0,
114.843750,1.100E+1,
114.892580,7.000E+0,
114.941410,9.000E+0,
114.990230,1.300E+1,
115.039060,1.200E+1,
115.087890,9.000E+0,
115.136720,7.000E+0,
115.185550,8.000E+0,
115.234380,8.000E+0,
115.283200,1.100E+1,
115.33200,3.000E+0,
115.380860,8.000E+0,
115.429690,9.000E+0,
115.478520,1.200E+1,
115.527340,1.300E+1,
115.576170,1.100E+1,
115.62500,1.100E+1,
115.673830,9.000E+0,
115.722660,7.000E+0,
115.771480,6.000E+0,
115.820310,9.000E+0,
115.869140,1.200E+1,
115.91800,1.100E+1,
115.966800,1.200E+1,
116.015630,1.200E+1,
116.064450,6.000E+0,
116.113280,1.000E+1,
116.162110,1.000E+1,
116.210940,9.000E+0,
116.259770,1.200E+1,
116.308590,7.000E+0,
116.357420,1.400E+1,
116.406250,7.000E+0,
116.455080,7.000E+0,
116.503910,1.100E+1,
116.552730,1.000E+1,
116.601560,4.000E+0,
116.650390,1.000E+1,
116.699220,2.000E+0,
116.74800,1.300E+1,
116.796880,7.000E+0,
116.845700,1.000E+1,
116.894530,1.100E+1,
116.943360,1.200E+1,
116.992190,1.000E+1,
117.04100,1.400E+1,
117.089840,9.000E+0,
117.138670,7.000E+0,
117.187500,2.000E+0,
117.236330,1.100E+1,
117.285160,7.000E+0,
117.33400,8.000E+0,
117.382810,9.000E+0,
117.431640,8.000E+0,
117.480470,4.000E+0,
117.529300,9.000E+0,
117.578130,1.200E+1,
117.62700,6.000E+0,
117.675780,8.000E+0,
117.724610,7.000E+0,
117.773440,8.000E+0,
117.822270,1.100E+1,
117.871090,1.000E+1,
117.919920,1.000E+1,
117.968750,1.100E+1,
118.017580,5.000E+0,
118.066410,1.100E+1,
118.115230,9.000E+0,
118.164060,7.000E+0,
118.212890,1.000E+1,
118.261720,1.200E+1,
118.310550,1.100E+1,
118.359380,7.000E+0,
118.408200,1.200E+1,
118.45700,6.000E+0,
118.505860,5.000E+0,
118.554690,8.000E+0,
118.603520,6.000E+0,
118.652340,6.000E+0,
118.701170,5.000E+0,
118.7500,8.000E+0,
118.798830,7.000E+0,
118.847660,7.000E+0,
118.896480,8.000E+0,
118.945310,1.100E+1,
118.994140,9.000E+0,
119.04300,6.000E+0,
119.091800,7.000E+0,
119.140630,9.000E+0,
119.189450,1.000E+1,
119.238280,4.000E+0,
119.287110,8.000E+0,
119.335940,1.000E+1,
119.384770,8.000E+0,
119.433590,6.000E+0,
119.482420,8.000E+0,
119.531250,1.600E+1,
119.580080,1.100E+1,
119.628910,5.000E+0,
119.677730,3.000E+0,
119.726560,7.000E+0,
119.775390,1.000E+1,
119.824220,1.000E+1,
119.87300,1.000E+1,
119.921880,8.000E+0,
119.970700,1.400E+1,
120.019530,1.300E+1,
120.068360,1.200E+1,
120.117190,7.000E+0,
120.16600,1.100E+1,
120.214840,3.000E+0,
120.263670,7.000E+0,
120.312500,4.000E+0,
120.361330,5.000E+0,
120.410160,1.400E+1,
120.45900,8.000E+0,
120.507810,2.000E+0,
120.556640,8.000E+0,
120.605470,9.000E+0,
120.654300,8.000E+0,
120.703130,2.100E+1,
120.75200,7.000E+0,
120.800780,1.500E+1,
120.849610,1.000E+1,
120.898440,9.000E+0,
120.947270,9.000E+0,
120.996090,9.000E+0,
121.044920,8.000E+0,
121.093750,6.000E+0,
121.142580,2.000E+0,
121.191410,8.000E+0,
121.240230,4.000E+0,
121.289060,1.000E+1,
121.337890,3.000E+0,
121.386720,8.000E+0,
121.435550,8.000E+0,
121.484380,7.000E+0,
121.533200,1.000E+1,
121.58200,7.000E+0,
121.630860,5.000E+0,
121.679690,1.600E+1,
121.728520,1.000E+1,
121.777340,7.000E+0,
121.826170,1.300E+1,
121.87500,5.000E+0,
121.923830,1.000E+1,
121.972660,9.000E+0,
122.021480,8.000E+0,
122.070310,1.000E+1,
122.119140,9.000E+0,
122.16800,3.000E+0,
122.216800,5.000E+0,
122.265630,7.000E+0,
122.314450,6.000E+0,
122.363280,1.000E+1,
122.412110,9.000E+0,
122.460940,1.300E+1,
122.509770,4.000E+0,
122.558590,1.000E+1,
122.607420,8.000E+0,
122.656250,8.000E+0,
122.705080,2.000E+0,
122.753910,1.100E+1,
122.802730,9.000E+0,
122.851560,1.200E+1,
122.900390,1.200E+1,
122.949220,6.000E+0,
122.99800,9.000E+0,
123.046880,7.000E+0,
123.095700,7.000E+0,
123.144530,1.300E+1,
123.193360,6.000E+0,
123.242190,3.000E+0,
123.29100,1.000E+1,
123.339840,5.000E+0,
123.388670,1.100E+1,
123.437500,1.200E+1,
123.486330,5.000E+0,
123.535160,3.000E+0,
123.58400,4.000E+0,
123.632810,1.000E+1,
123.681640,6.000E+0,
123.730470,7.000E+0,
123.779300,8.000E+0,
123.828130,6.000E+0,
123.87700,7.000E+0,
123.925780,9.000E+0,
123.974610,1.200E+1,
124.023440,5.000E+0,
124.072270,9.000E+0,
124.121090,5.000E+0,
124.169920,7.000E+0,
124.218750,7.000E+0,
124.267580,7.000E+0,
124.316410,6.000E+0,
124.365230,1.100E+1,
124.414060,1.100E+1,
124.462890,8.000E+0,
124.511720,1.200E+1,
124.560550,9.000E+0,
124.609380,7.000E+0,
124.658200,6.000E+0,
124.70700,5.000E+0,
124.755860,9.000E+0,
124.804690,8.000E+0,
124.853520,7.000E+0,
124.902340,1.200E+1,
124.951170,1.200E+1,
125.00,4.000E+0,
125.048830,8.000E+0,
125.097660,6.000E+0,
125.146480,7.000E+0,
125.195310,1.100E+1,
125.244140,7.000E+0,
125.29300,9.000E+0,
125.341800,1.400E+1,
125.390630,4.000E+0,
125.439450,8.000E+0,
125.488280,7.000E+0,
125.537110,1.100E+1,
125.585940,1.000E+1,
125.634770,4.000E+0,
125.683590,1.000E+1,
125.732420,3.000E+0,
125.781250,7.000E+0,
125.830080,9.000E+0,
125.878910,4.000E+0,
125.927730,8.000E+0,
125.976560,1.500E+1,
126.025390,7.000E+0,
126.074220,9.000E+0,
126.12300,1.300E+1,
126.171880,5.000E+0,
126.220700,1.100E+1,
126.269530,8.000E+0,
126.318360,7.000E+0,
126.367190,5.000E+0,
126.41600,1.200E+1,
126.464840,1.100E+1,
126.513670,8.000E+0,
126.562500,9.000E+0,
126.611330,5.000E+0,
126.660160,1.100E+1,
126.70900,7.000E+0,
126.757810,3.000E+0,
126.806640,1.100E+1,
126.855470,8.000E+0,
126.904300,8.000E+0,
126.953130,8.000E+0,
127.00200,8.000E+0,
127.050780,9.000E+0,
127.099610,7.000E+0,
127.148440,5.000E+0,
127.197270,5.000E+0,
127.246090,1.100E+1,
127.294920,9.000E+0,
127.343750,1.000E+1,
127.392580,6.000E+0,
127.441410,5.000E+0,
127.490230,6.000E+0,
127.539060,7.000E+0,
127.587890,9.000E+0,
127.636720,7.000E+0,
127.685550,6.000E+0,
127.734380,4.000E+0,
127.783200,9.000E+0,
127.83200,8.000E+0,
127.880860,7.000E+0,
127.929690,7.000E+0,
127.978520,5.000E+0,
128.027340,6.000E+0,
128.076170,9.000E+0,
128.12500,1.000E+1,
128.173830,3.000E+0,
128.222660,8.000E+0,
128.271480,9.000E+0,
128.320310,1.100E+1,
128.369140,7.000E+0,
128.41800,8.000E+0,
128.466800,1.000E+1,
128.515630,8.000E+0,
128.564450,4.000E+0,
128.613280,6.000E+0,
128.662110,1.400E+1,
128.710940,7.000E+0,
128.759770,6.000E+0,
128.808590,8.000E+0,
128.857420,9.000E+0,
128.906250,7.000E+0,
128.955080,4.000E+0,
129.003910,1.500E+1,
129.052730,4.000E+0,
129.101560,1.100E+1,
129.150390,1.200E+1,
129.199220,6.000E+0,
129.24800,5.000E+0,
129.296880,2.000E+0,
129.345700,8.000E+0,
129.394530,6.000E+0,
129.443360,5.000E+0,
129.492190,8.000E+0,
129.54100,4.000E+0,
129.589840,8.000E+0,
129.638670,1.100E+1,
129.687500,4.000E+0,
129.736330,1.100E+1,
129.785160,7.000E+0,
129.83400,1.000E+1,
129.882810,1.200E+1,
129.931640,7.000E+0,
129.980470,1.500E+1,
130.029300,6.000E+0,
130.078130,1.000E+1,
130.12700,1.000E+1,
130.175780,6.000E+0,
130.224610,1.200E+1,
130.273440,9.000E+0,
130.322270,7.000E+0,
130.371090,4.000E+0,
130.419920,7.000E+0,
130.468750,5.000E+0,
130.517580,7.000E+0,
130.566410,6.000E+0,
130.615230,4.000E+0,
130.664060,5.000E+0,
130.712890,8.000E+0,
130.761720,9.000E+0,
130.810550,1.300E+1,
130.859380,9.000E+0,
130.908200,5.000E+0,
130.95700,7.000E+0,
131.005860,5.000E+0,
131.054690,1.000E+1,
131.103520,9.000E+0,
131.152340,6.000E+0,
131.201170,1.100E+1,
131.2500,1.500E+1,
131.298830,5.000E+0,
131.347660,6.000E+0,
131.396480,7.000E+0,
131.445310,7.000E+0,
131.494140,9.000E+0,
131.54300,9.000E+0,
131.591800,9.000E+0,
131.640630,8.000E+0,
131.689450,4.000E+0,
131.738280,4.000E+0,
131.787110,1.000E+1,
131.835940,7.000E+0,
131.884770,8.000E+0,
131.933590,6.000E+0,
131.982420,1.200E+1,
132.031250,6.000E+0,
132.080080,1.000E+1,
132.128910,7.000E+0,
132.177730,6.000E+0,
132.226560,4.000E+0,
132.275390,8.000E+0,
132.324220,3.000E+0,
132.37300,9.000E+0,
132.421880,1.200E+1,
132.470700,7.000E+0,
132.519530,7.000E+0,
132.568360,5.000E+0,
132.617190,1.000E+1,
132.66600,5.000E+0,
132.714840,1.100E+1,
132.763670,1.500E+1,
132.812500,4.000E+0,
132.861330,4.000E+0,
132.910160,8.000E+0,
132.95900,5.000E+0,
133.007810,5.000E+0,
133.056640,9.000E+0,
133.105470,8.000E+0,
133.154300,5.000E+0,
133.203130,9.000E+0,
133.25200,7.000E+0,
133.300780,1.000E+1,
133.349610,7.000E+0,
133.398440,6.000E+0,
133.447270,8.000E+0,
133.496090,6.000E+0,
133.544920,3.000E+0,
133.593750,7.000E+0,
133.642580,9.000E+0,
133.691410,7.000E+0,
133.740230,7.000E+0,
133.789060,1.300E+1,
133.837890,5.000E+0,
133.886720,1.000E+1,
133.935550,7.000E+0,
133.984380,8.000E+0,
134.033200,6.000E+0,
134.08200,1.000E+1,
134.130860,9.000E+0,
134.179690,4.000E+0,
134.228520,5.000E+0,
134.277340,7.000E+0,
134.326170,5.000E+0,
134.37500,6.000E+0,
134.423830,7.000E+0,
134.472660,9.000E+0,
134.521480,7.000E+0,
134.570310,4.000E+0,
134.619140,3.000E+0,
134.66800,1.000E+1,
134.716800,4.000E+0,
134.765630,1.300E+1,
134.814450,4.000E+0,
134.863280,1.000E+1,
134.912110,8.000E+0,
134.960940,8.000E+0,
135.009770,8.000E+0,
135.058590,7.000E+0,
135.107420,1.000E+1,
135.156250,4.000E+0,
135.205080,7.000E+0,
135.253910,5.000E+0,
135.302730,3.000E+0,
135.351560,7.000E+0,
135.400390,8.000E+0,
135.449220,3.000E+0,
135.49800,7.000E+0,
135.546880,2.000E+0,
135.595700,6.000E+0,
135.644530,6.000E+0,
135.693360,6.000E+0,
135.742190,7.000E+0,
135.79100,4.000E+0,
135.839840,8.000E+0,
135.888670,2.000E+0,
135.937500,1.000E+1,
135.986330,5.000E+0,
136.035160,7.000E+0,
136.08400,1.200E+1,
136.132810,5.000E+0,
136.181640,1.000E+1,
136.230470,1.000E+0,
136.279300,1.000E+1,
136.328130,1.100E+1,
136.37700,4.000E+0,
136.425780,7.000E+0,
136.474610,1.000E+1,
136.523440,7.000E+0,
136.572270,1.000E+1,
136.621090,9.000E+0,
136.669920,6.000E+0,
136.718750,5.000E+0,
136.767580,6.000E+0,
136.816410,3.000E+0,
136.865230,1.100E+1,
136.914060,6.000E+0,
136.962890,1.300E+1,
137.011720,6.000E+0,
137.060550,3.000E+0,
137.109380,1.100E+1,
137.158200,4.000E+0,
137.20700,7.000E+0,
137.255860,4.000E+0,
137.304690,6.000E+0,
137.353520,4.000E+0,
137.402340,9.000E+0,
137.451170,2.000E+0,
137.500,3.000E+0,
137.548830,2.000E+0,
137.597660,7.000E+0,
137.646480,8.000E+0,
137.695310,8.000E+0,
137.744140,6.000E+0,
137.79300,9.000E+0,
137.841800,7.000E+0,
137.890630,7.000E+0,
137.939450,7.000E+0,
137.988280,2.000E+0,
138.037110,1.200E+1,
138.085940,7.000E+0,
138.134770,3.000E+0,
138.183590,9.000E+0,
138.232420,1.000E+1,
138.281250,9.000E+0,
138.330080,7.000E+0,
138.378910,8.000E+0,
138.427730,5.000E+0,
138.476560,4.000E+0,
138.525390,1.100E+1,
138.574220,1.000E+1,
138.62300,4.000E+0,
138.671880,7.000E+0,
138.720700,9.000E+0,
138.769530,9.000E+0,
138.818360,5.000E+0,
138.867190,1.100E+1,
138.91600,8.000E+0,
138.964840,1.100E+1,
139.013670,5.000E+0,
139.062500,1.200E+1,
139.111330,4.000E+0,
139.160160,5.000E+0,
139.20900,6.000E+0,
139.257810,8.000E+0,
139.306640,8.000E+0,
139.355470,7.000E+0,
139.404300,5.000E+0,
139.453130,7.000E+0,
139.50200,3.000E+0,
139.550780,5.000E+0,
139.599610,1.100E+1,
139.648440,7.000E+0,
139.697270,1.000E+1,
139.746090,1.100E+1,
139.794920,5.000E+0,
139.843750,3.000E+0,
139.892580,1.000E+1,
139.941410,1.100E+1,
139.990230,7.000E+0,
140.039060,3.000E+0,
140.087890,4.000E+0,
140.136720,3.000E+0,
140.185550,5.000E+0,
140.234380,9.000E+0,
140.283200,6.000E+0,
140.33200,4.000E+0,
140.380860,9.000E+0,
140.429690,5.000E+0,
140.478520,3.000E+0,
140.527340,5.000E+0,
140.576170,6.000E+0,
140.62500,1.100E+1,
140.673830,4.000E+0,
140.722660,1.000E+1,
140.771480,7.000E+0,
140.820310,4.000E+0,
140.869140,6.000E+0,
140.91800,8.000E+0,
140.966800,7.000E+0,
141.015630,9.000E+0,
141.064450,2.000E+0,
141.113280,5.000E+0,
141.162110,7.000E+0,
141.210940,8.000E+0,
141.259770,6.000E+0,
141.308590,9.000E+0,
141.357420,7.000E+0,
141.406250,7.000E+0,
141.455080,6.000E+0,
141.503910,4.000E+0,
141.552730,6.000E+0,
141.601560,4.000E+0,
141.650390,1.100E+1,
141.699220,5.000E+0,
141.74800,1.000E+0,
141.796880,4.000E+0,
141.845700,2.000E+0,
141.894530,8.000E+0,
141.943360,9.000E+0,
141.992190,5.000E+0,
142.04100,4.000E+0,
142.089840,9.000E+0,
142.138670,6.000E+0,
142.187500,2.000E+0,
142.236330,7.000E+0,
142.285160,4.000E+0,
142.33400,5.000E+0,
142.382810,9.000E+0,
142.431640,9.000E+0,
142.480470,9.000E+0,
142.529300,9.000E+0,
142.578130,6.000E+0,
142.62700,6.000E+0,
142.675780,4.000E+0,
142.724610,9.000E+0,
142.773440,1.000E+1,
142.822270,8.000E+0,
142.871090,4.000E+0,
142.919920,1.000E+1,
142.968750,9.000E+0,
143.017580,2.000E+0,
143.066410,8.000E+0,
143.115230,1.000E+1,
143.164060,7.000E+0,
143.212890,9.000E+0,
143.261720,9.000E+0,
143.310550,1.100E+1,
143.359380,6.000E+0,
143.408200,4.000E+0,
143.45700,7.000E+0,
143.505860,1.000E+1,
143.554690,7.000E+0,
143.603520,6.000E+0,
143.652340,3.000E+0,
143.701170,7.000E+0,
143.7500,1.000E+1,
143.798830,6.000E+0,
143.847660,4.000E+0,
143.896480,9.000E+0,
143.945310,4.000E+0,
143.994140,9.000E+0,
144.04300,4.000E+0,
144.091800,7.000E+0,
144.140630,7.000E+0,
144.189450,8.000E+0,
144.238280,4.000E+0,
144.287110,7.000E+0,
144.335940,8.000E+0,
144.384770,6.000E+0,
144.433590,8.000E+0,
144.482420,7.000E+0,
144.531250,4.000E+0,
144.580080,3.000E+0,
144.628910,6.000E+0,
144.677730,5.000E+0,
144.726560,4.000E+0,
144.775390,5.000E+0,
144.824220,1.000E+1,
144.87300,1.100E+1,
144.921880,6.000E+0,
144.970700,1.100E+1,
145.019530,7.000E+0,
145.068360,6.000E+0,
145.117190,3.000E+0,
145.16600,7.000E+0,
145.214840,3.000E+0,
145.263670,3.000E+0,
145.312500,3.000E+0,
145.361330,9.000E+0,
145.410160,5.000E+0,
145.45900,6.000E+0,
145.507810,3.000E+0,
145.556640,3.000E+0,
145.605470,6.000E+0,
145.654300,3.000E+0,
145.703130,7.000E+0,
145.75200,9.000E+0,
145.800780,7.000E+0,
145.849610,2.000E+0,
145.898440,6.000E+0,
145.947270,7.000E+0,
145.996090,3.000E+0,
146.044920,4.000E+0,
146.093750,5.000E+0,
146.142580,6.000E+0,
146.191410,8.000E+0,
146.240230,8.000E+0,
146.289060,5.000E+0,
146.337890,5.000E+0,
146.386720,1.000E+0,
146.435550,6.000E+0,
146.484380,9.000E+0,
146.533200,1.000E+1,
146.58200,6.000E+0,
146.630860,3.000E+0,
146.679690,7.000E+0,
146.728520,8.000E+0,
146.777340,6.000E+0,
146.826170,3.000E+0,
146.87500,5.000E+0,
146.923830,1.000E+1,
146.972660,1.000E+0,
147.021480,6.000E+0,
147.070310,5.000E+0,
147.119140,1.000E+1,
147.16800,9.000E+0,
147.216800,2.000E+0,
147.265630,5.000E+0,
147.314450,8.000E+0,
147.363280,8.000E+0,
147.412110,9.000E+0,
147.460940,8.000E+0,
147.509770,8.000E+0,
147.558590,7.000E+0,
147.607420,7.000E+0,
147.656250,4.000E+0,
147.705080,7.000E+0,
147.753910,4.000E+0,
147.802730,7.000E+0,
147.851560,7.000E+0,
147.900390,8.000E+0,
147.949220,1.100E+1,
147.99800,6.000E+0,
148.046880,7.000E+0,
148.095700,3.000E+0,
148.144530,6.000E+0,
148.193360,1.000E+1,
148.242190,6.000E+0,
148.29100,4.000E+0,
148.339840,3.000E+0,
148.388670,1.000E+1,
148.437500,7.000E+0,
148.486330,7.000E+0,
148.535160,7.000E+0,
148.58400,7.000E+0,
148.632810,6.000E+0,
148.681640,1.100E+1,
148.730470,6.000E+0,
148.779300,9.000E+0,
148.828130,9.000E+0,
148.87700,6.000E+0,
148.925780,9.000E+0,
148.974610,6.000E+0,
149.023440,4.000E+0,
149.072270,5.000E+0,
149.121090,6.000E+0,
149.169920,6.000E+0,
149.218750,5.000E+0,
149.267580,7.000E+0,
149.316410,2.000E+0,
149.365230,5.000E+0,
149.414060,1.000E+1,
149.462890,9.000E+0,
149.511720,6.000E+0,
149.560550,9.000E+0,
149.609380,7.000E+0,
149.658200,1.000E+1,
149.70700,6.000E+0,
149.755860,2.000E+0,
149.804690,8.000E+0,
149.853520,7.000E+0,
149.902340,6.000E+0,
149.951170,5.000E+0,
150.00,4.000E+0,
150.048830,7.000E+0,
150.097660,6.000E+0,
150.146480,1.100E+1,
150.195310,3.000E+0,
150.244140,7.000E+0,
150.29300,4.000E+0,
150.341800,6.000E+0,
150.390630,4.000E+0,
150.439450,9.000E+0,
150.488280,4.000E+0,
150.537110,1.000E+0,
150.585940,1.000E+0,
150.634770,4.000E+0,
150.683590,3.000E+0,
150.732420,4.000E+0,
150.781250,4.000E+0,
150.830080,2.000E+0,
150.878910,3.000E+0,
150.927730,4.000E+0,
150.976560,6.000E+0,
151.025390,3.000E+0,
151.074220,8.000E+0,
151.12300,8.000E+0,
151.171880,5.000E+0,
151.220700,8.000E+0,
151.269530,5.000E+0,
151.318360,2.000E+0,
151.367190,5.000E+0,
151.41600,4.000E+0,
151.464840,4.000E+0,
151.513670,8.000E+0,
151.562500,7.000E+0,
151.611330,5.000E+0,
151.660160,5.000E+0,
151.70900,7.000E+0,
151.757810,6.000E+0,
151.806640,6.000E+0,
151.855470,5.000E+0,
151.904300,7.000E+0,
151.953130,3.000E+0,
152.00200,9.000E+0,
152.050780,5.000E+0,
152.099610,7.000E+0,
152.148440,4.000E+0,
152.197270,6.000E+0,
152.246090,6.000E+0,
152.294920,4.000E+0,
152.343750,5.000E+0,
152.392580,8.000E+0,
152.441410,1.100E+1,
152.490230,8.000E+0,
152.539060,4.000E+0,
152.587890,1.000E+1,
152.636720,7.000E+0,
152.685550,8.000E+0,
152.734380,2.000E+0,
152.783200,8.000E+0,
152.83200,5.000E+0,
152.880860,5.000E+0,
152.929690,1.000E+1,
152.978520,1.000E+0,
153.027340,8.000E+0,
153.076170,4.000E+0,
153.12500,5.000E+0,
153.173830,1.000E+0,
153.222660,4.000E+0,
153.271480,1.000E+1,
153.320310,5.000E+0,
153.369140,7.000E+0,
153.41800,9.000E+0,
153.466800,6.000E+0,
153.515630,6.000E+0,
153.564450,3.000E+0,
153.613280,5.000E+0,
153.662110,8.000E+0,
153.710940,4.000E+0,
153.759770,5.000E+0,
153.808590,4.000E+0,
153.857420,1.000E+1,
153.906250,7.000E+0,
153.955080,5.000E+0,
154.003910,1.300E+1,
154.052730,6.000E+0,
154.101560,5.000E+0,
154.150390,1.000E+1,
154.199220,4.000E+0,
154.24800,8.000E+0,
154.296880,7.000E+0,
154.345700,5.000E+0,
154.394530,7.000E+0,
154.443360,5.000E+0,
154.492190,7.000E+0,
154.54100,4.000E+0,
154.589840,4.000E+0,
154.638670,8.000E+0,
154.687500,7.000E+0,
154.736330,5.000E+0,
154.785160,5.000E+0,
154.83400,6.000E+0,
154.882810,6.000E+0,
154.931640,9.000E+0,
154.980470,9.000E+0,
155.029300,7.000E+0,
155.078130,4.000E+0,
155.12700,7.000E+0,
155.175780,5.000E+0,
155.224610,9.000E+0,
155.273440,6.000E+0,
155.322270,3.000E+0,
155.371090,6.000E+0,
155.419920,9.000E+0,
155.468750,7.000E+0,
155.517580,6.000E+0,
155.566410,7.000E+0,
155.615230,8.000E+0,
155.664060,7.000E+0,
155.712890,6.000E+0,
155.761720,4.000E+0,
155.810550,6.000E+0,
155.859380,1.000E+1,
155.908200,4.000E+0,
155.95700,5.000E+0,
156.005860,8.000E+0,
156.054690,4.000E+0,
156.103520,9.000E+0,
156.152340,4.000E+0,
156.201170,7.000E+0,
156.2500,3.000E+0,
156.298830,6.000E+0,
156.347660,4.000E+0,
156.396480,5.000E+0,
156.445310,2.000E+0,
156.494140,6.000E+0,
156.54300,8.000E+0,
156.591800,5.000E+0,
156.640630,3.000E+0,
156.689450,6.000E+0,
156.738280,2.000E+0,
156.787110,1.000E+0,
156.835940,4.000E+0,
156.884770,3.000E+0,
156.933590,5.000E+0,
156.982420,5.000E+0,
157.031250,6.000E+0,
157.080080,3.000E+0,
157.128910,9.000E+0,
157.177730,9.000E+0,
157.226560,3.000E+0,
157.275390,6.000E+0,
157.324220,2.000E+0,
157.37300,3.000E+0,
157.421880,2.000E+0,
157.470700,3.000E+0,
157.519530,8.000E+0,
157.568360,8.000E+0,
157.617190,4.000E+0,
157.66600,7.000E+0,
157.714840,5.000E+0,
157.763670,1.000E+1,
157.812500,3.000E+0,
157.861330,5.000E+0,
157.910160,9.000E+0,
157.95900,6.000E+0,
158.007810,4.000E+0,
158.056640,5.000E+0,
158.105470,8.000E+0,
158.154300,4.000E+0,
158.203130,6.000E+0,
158.25200,5.000E+0,
158.300780,1.000E+1,
158.349610,4.000E+0,
158.398440,9.000E+0,
158.447270,2.000E+0,
158.496090,9.000E+0,
158.544920,9.000E+0,
158.593750,5.000E+0,
158.642580,7.000E+0,
158.691410,5.000E+0,
158.740230,6.000E+0,
158.789060,7.000E+0,
158.837890,1.000E+0,
158.886720,7.000E+0,
158.935550,2.000E+0,
158.984380,7.000E+0,
159.033200,4.000E+0,
159.08200,5.000E+0,
159.130860,4.000E+0,
159.179690,1.000E+1,
159.228520,5.000E+0,
159.277340,1.100E+1,
159.326170,8.000E+0,
159.37500,9.000E+0,
159.423830,7.000E+0,
159.472660,8.000E+0,
159.521480,1.200E+1,
159.570310,4.000E+0,
159.619140,9.000E+0,
159.66800,9.000E+0,
159.716800,3.000E+0,
159.765630,9.000E+0,
159.814450,5.000E+0,
159.863280,6.000E+0,
159.912110,7.000E+0,
159.960940,6.000E+0,
160.009770,5.000E+0,
160.058590,5.000E+0,
160.107420,6.000E+0,
160.156250,5.000E+0,
160.205080,9.000E+0,
160.253910,5.000E+0,
160.302730,1.000E+0,
160.351560,5.000E+0,
160.400390,5.000E+0,
160.449220,8.000E+0,
160.49800,7.000E+0,
160.546880,5.000E+0,
160.595700,4.000E+0,
160.644530,5.000E+0,
160.693360,7.000E+0,
160.742190,5.000E+0,
160.79100,5.000E+0,
160.839840,6.000E+0,
160.888670,2.000E+0,
160.937500,2.000E+0,
160.986330,8.000E+0,
161.035160,6.000E+0,
161.08400,3.000E+0,
161.132810,1.100E+1,
161.181640,4.000E+0,
161.230470,6.000E+0,
161.279300,6.000E+0,
161.328130,2.000E+0,
161.37700,5.000E+0,
161.425780,2.000E+0,
161.474610,4.000E+0,
161.523440,7.000E+0,
161.572270,5.000E+0,
161.621090,8.000E+0,
161.669920,5.000E+0,
161.718750,5.000E+0,
161.767580,8.000E+0,
161.816410,3.000E+0,
161.865230,7.000E+0,
161.914060,6.000E+0,
161.962890,2.000E+0,
162.011720,8.000E+0,
162.060550,4.000E+0,
162.109380,2.000E+0,
162.158200,3.000E+0,
162.20700,1.000E+1,
162.255860,3.000E+0,
162.304690,3.000E+0,
162.353520,4.000E+0,
162.402340,8.000E+0,
162.451170,8.000E+0,
162.500,7.000E+0,
162.548830,5.000E+0,
162.597660,4.000E+0,
162.646480,6.000E+0,
162.695310,2.000E+0,
162.744140,4.000E+0,
162.79300,4.000E+0,
162.841800,3.000E+0,
162.890630,8.000E+0,
162.939450,8.000E+0,
162.988280,3.000E+0,
163.037110,4.000E+0,
163.085940,3.000E+0,
163.134770,5.000E+0,
163.183590,5.000E+0,
163.232420,6.000E+0,
163.281250,4.000E+0,
163.330080,6.000E+0,
163.378910,9.000E+0,
163.427730,2.000E+0,
163.476560,2.000E+0,
163.525390,3.000E+0,
163.574220,4.000E+0,
163.62300,4.000E+0,
163.671880,8.000E+0,
163.720700,4.000E+0,
163.769530,1.000E+0,
163.818360,4.000E+0,
163.867190,5.000E+0,
163.91600,7.000E+0,
163.964840,9.000E+0,
164.013670,7.000E+0,
164.062500,4.000E+0,
164.111330,6.000E+0,
164.160160,6.000E+0,
164.20900,5.000E+0,
164.257810,1.000E+1,
164.306640,3.000E+0,
164.355470,7.000E+0,
164.404300,5.000E+0,
164.453130,6.000E+0,
164.50200,2.000E+0,
164.550780,1.000E+0,
164.599610,3.000E+0,
164.648440,1.300E+1,
164.697270,2.000E+0,
164.746090,6.000E+0,
164.794920,5.000E+0,
164.843750,1.000E+1,
164.892580,7.000E+0,
164.941410,5.000E+0,
164.990230,3.000E+0,
165.039060,6.000E+0,
165.087890,5.000E+0,
165.136720,3.000E+0,
165.185550,1.000E+1,
165.234380,4.000E+0,
165.283200,6.000E+0,
165.33200,7.000E+0,
165.380860,2.000E+0,
165.429690,5.000E+0,
165.478520,3.000E+0,
165.527340,1.000E+0,
165.576170,9.000E+0,
165.62500,6.000E+0,
165.673830,3.000E+0,
165.722660,2.000E+0,
165.771480,9.000E+0,
165.820310,2.000E+0,
165.869140,3.000E+0,
165.91800,6.000E+0,
165.966800,3.000E+0,
166.015630,9.000E+0,
166.064450,5.000E+0,
166.113280,5.000E+0,
166.162110,5.000E+0,
166.210940,6.000E+0,
166.259770,2.000E+0,
166.308590,3.000E+0,
166.357420,6.000E+0,
166.406250,1.000E+0,
166.455080,2.000E+0,
166.503910,6.000E+0,
166.552730,6.000E+0,
166.601560,3.000E+0,
166.650390,9.000E+0,
166.699220,7.000E+0,
166.74800,1.100E+1,
166.796880,1.200E+1,
166.845700,6.000E+0,
166.894530,8.000E+0,
166.943360,9.000E+0,
166.992190,2.000E+0,
167.04100,8.000E+0,
167.089840,7.000E+0,
167.138670,2.000E+0,
167.187500,2.000E+0,
167.236330,9.000E+0,
167.285160,5.000E+0,
167.33400,6.000E+0,
167.382810,2.000E+0,
167.431640,1.000E+1,
167.480470,2.000E+0,
167.529300,4.000E+0,
167.578130,6.000E+0,
167.62700,7.000E+0,
167.675780,9.000E+0,
167.724610,5.000E+0,
167.773440,6.000E+0,
167.822270,6.000E+0,
167.871090,5.000E+0,
167.919920,3.000E+0,
167.968750,9.000E+0,
168.017580,4.000E+0,
168.066410,7.000E+0,
168.115230,5.000E+0,
168.164060,7.000E+0,
168.212890,7.000E+0,
168.261720,4.000E+0,
168.310550,3.000E+0,
168.359380,7.000E+0,
168.408200,8.000E+0,
168.45700,5.000E+0,
168.505860,8.000E+0,
168.554690,2.000E+0,
168.603520,2.000E+0,
168.652340,4.000E+0,
168.701170,6.000E+0,
168.7500,7.000E+0,
168.798830,8.000E+0,
168.847660,8.000E+0,
168.896480,5.000E+0,
168.945310,6.000E+0,
168.994140,3.000E+0,
169.04300,1.000E+0,
169.091800,6.000E+0,
169.140630,5.000E+0,
169.189450,5.000E+0,
169.238280,3.000E+0,
169.287110,1.000E+1,
169.335940,7.000E+0,
169.384770,5.000E+0,
169.433590,8.000E+0,
169.482420,6.000E+0,
169.531250,3.000E+0,
169.580080,3.000E+0,
169.628910,3.000E+0,
169.677730,3.000E+0,
169.726560,8.000E+0,
169.775390,2.000E+0,
169.824220,6.000E+0,
169.87300,6.000E+0,
169.921880,0.000E+0,
169.970700,5.000E+0,
170.019530,8.000E+0,
170.068360,3.000E+0,
170.117190,4.000E+0,
170.16600,1.000E+0,
170.214840,7.000E+0,
170.263670,5.000E+0,
170.312500,6.000E+0,
170.361330,2.000E+0,
170.410160,3.000E+0,
170.45900,7.000E+0,
170.507810,5.000E+0,
170.556640,9.000E+0,
170.605470,5.000E+0,
170.654300,5.000E+0,
170.703130,4.000E+0,
170.75200,8.000E+0,
170.800780,8.000E+0,
170.849610,7.000E+0,
170.898440,8.000E+0,
170.947270,2.000E+0,
170.996090,2.000E+0,
171.044920,3.000E+0,
171.093750,7.000E+0,
171.142580,3.000E+0,
171.191410,5.000E+0,
171.240230,7.000E+0,
171.289060,3.000E+0,
171.337890,3.000E+0,
171.386720,2.000E+0,
171.435550,9.000E+0,
171.484380,6.000E+0,
171.533200,4.000E+0,
171.58200,1.000E+1,
171.630860,5.000E+0,
171.679690,2.000E+0,
171.728520,4.000E+0,
171.777340,4.000E+0,
171.826170,6.000E+0,
171.87500,6.000E+0,
171.923830,5.000E+0,
171.972660,9.000E+0,
172.021480,6.000E+0,
172.070310,1.000E+1,
172.119140,6.000E+0,
172.16800,3.000E+0,
172.216800,5.000E+0,
172.265630,4.000E+0,
172.314450,6.000E+0,
172.363280,4.000E+0,
172.412110,9.000E+0,
172.460940,7.000E+0,
172.509770,6.000E+0,
172.558590,4.000E+0,
172.607420,2.000E+0,
172.656250,3.000E+0,
172.705080,9.000E+0,
172.753910,4.000E+0,
172.802730,5.000E+0,
172.851560,9.000E+0,
172.900390,3.000E+0,
172.949220,4.000E+0,
172.99800,2.000E+0,
173.046880,5.000E+0,
173.095700,1.000E+1,
173.144530,6.000E+0,
173.193360,7.000E+0,
173.242190,4.000E+0,
173.29100,6.000E+0,
173.339840,7.000E+0,
173.388670,4.000E+0,
173.437500,6.000E+0,
173.486330,6.000E+0,
173.535160,3.000E+0,
173.58400,9.000E+0,
173.632810,7.000E+0,
173.681640,7.000E+0,
173.730470,3.000E+0,
173.779300,3.000E+0,
173.828130,3.000E+0,
173.87700,6.000E+0,
173.925780,6.000E+0,
173.974610,6.000E+0,
174.023440,3.000E+0,
174.072270,5.000E+0,
174.121090,3.000E+0,
174.169920,3.000E+0,
174.218750,2.000E+0,
174.267580,5.000E+0,
174.316410,5.000E+0,
174.365230,6.000E+0,
174.414060,4.000E+0,
174.462890,2.000E+0,
174.511720,5.000E+0,
174.560550,3.000E+0,
174.609380,3.000E+0,
174.658200,3.000E+0,
174.70700,7.000E+0,
174.755860,7.000E+0,
174.804690,6.000E+0,
174.853520,6.000E+0,
174.902340,1.000E+0,
174.951170,4.000E+0,
175.00,4.000E+0,
175.048830,6.000E+0,
175.097660,5.000E+0,
175.146480,1.000E+0,
175.195310,3.000E+0,
175.244140,4.000E+0,
175.29300,3.000E+0,
175.341800,4.000E+0,
175.390630,6.000E+0,
175.439450,9.000E+0,
175.488280,3.000E+0,
175.537110,2.000E+0,
175.585940,3.000E+0,
175.634770,2.000E+0,
175.683590,7.000E+0,
175.732420,4.000E+0,
175.781250,6.000E+0,
175.830080,1.000E+0,
175.878910,5.000E+0,
175.927730,6.000E+0,
175.976560,4.000E+0,
176.025390,5.000E+0,
176.074220,4.000E+0,
176.12300,8.000E+0,
176.171880,6.000E+0,
176.220700,7.000E+0,
176.269530,7.000E+0,
176.318360,4.000E+0,
176.367190,6.000E+0,
176.41600,3.000E+0,
176.464840,1.000E+0,
176.513670,4.000E+0,
176.562500,2.000E+0,
176.611330,6.000E+0,
176.660160,4.000E+0,
176.70900,5.000E+0,
176.757810,4.000E+0,
176.806640,6.000E+0,
176.855470,6.000E+0,
176.904300,7.000E+0,
176.953130,4.000E+0,
177.00200,5.000E+0,
177.050780,6.000E+0,
177.099610,2.000E+0,
177.148440,6.000E+0,
177.197270,4.000E+0,
177.246090,7.000E+0,
177.294920,6.000E+0,
177.343750,3.000E+0,
177.392580,4.000E+0,
177.441410,6.000E+0,
177.490230,8.000E+0,
177.539060,3.000E+0,
177.587890,3.000E+0,
177.636720,7.000E+0,
177.685550,3.000E+0,
177.734380,4.000E+0,
177.783200,4.000E+0,
177.83200,8.000E+0,
177.880860,5.000E+0,
177.929690,6.000E+0,
177.978520,4.000E+0,
178.027340,3.000E+0,
178.076170,4.000E+0,
178.12500,7.000E+0,
178.173830,2.000E+0,
178.222660,4.000E+0,
178.271480,8.000E+0,
178.320310,6.000E+0,
178.369140,1.000E+0,
178.41800,0.000E+0,
178.466800,1.000E+0,
178.515630,7.000E+0,
178.564450,3.000E+0,
178.613280,1.000E+1,
178.662110,6.000E+0,
178.710940,4.000E+0,
178.759770,4.000E+0,
178.808590,9.000E+0,
178.857420,8.000E+0,
178.906250,5.000E+0,
178.955080,9.000E+0,
179.003910,6.000E+0,
179.052730,2.000E+0,
179.101560,9.000E+0,
179.150390,3.000E+0,
179.199220,6.000E+0,
179.24800,5.000E+0,
179.296880,6.000E+0,
179.345700,3.000E+0,
179.394530,3.000E+0,
179.443360,4.000E+0,
179.492190,1.000E+1,
179.54100,4.000E+0,
179.589840,3.000E+0,
179.638670,4.000E+0,
179.687500,6.000E+0,
179.736330,5.000E+0,
179.785160,3.000E+0,
179.83400,8.000E+0,
179.882810,3.000E+0,
179.931640,4.000E+0,
179.980470,6.000E+0,
180.029300,3.000E+0,
180.078130,2.000E+0,
180.12700,6.000E+0,
180.175780,0.000E+0,
180.224610,2.000E+0,
180.273440,8.000E+0,
180.322270,5.000E+0,
180.371090,2.000E+0,
180.419920,6.000E+0,
180.468750,5.000E+0,
180.517580,3.000E+0,
180.566410,0.000E+0,
180.615230,1.200E+1,
180.664060,5.000E+0,
180.712890,6.000E+0,
180.761720,2.000E+0,
180.810550,6.000E+0,
180.859380,3.000E+0,
180.908200,2.000E+0,
180.95700,4.000E+0,
181.005860,2.000E+0,
181.054690,5.000E+0,
181.103520,2.000E+0,
181.152340,8.000E+0,
181.201170,4.000E+0,
181.2500,6.000E+0,
181.298830,3.000E+0,
181.347660,3.000E+0,
181.396480,9.000E+0,
181.445310,8.000E+0,
181.494140,8.000E+0,
181.54300,2.000E+0,
181.591800,2.000E+0,
181.640630,3.000E+0,
181.689450,3.000E+0,
181.738280,4.000E+0,
181.787110,6.000E+0,
181.835940,3.000E+0,
181.884770,4.000E+0,
181.933590,7.000E+0,
181.982420,1.000E+0,
182.031250,3.000E+0,
182.080080,9.000E+0,
182.128910,6.000E+0,
182.177730,3.000E+0,
182.226560,3.000E+0,
182.275390,4.000E+0,
182.324220,5.000E+0,
182.37300,3.000E+0,
182.421880,5.000E+0,
182.470700,4.000E+0,
182.519530,4.000E+0,
182.568360,5.000E+0,
182.617190,5.000E+0,
182.66600,5.000E+0,
182.714840,4.000E+0,
182.763670,4.000E+0,
182.812500,8.000E+0,
182.861330,4.000E+0,
182.910160,6.000E+0,
182.95900,7.000E+0,
183.007810,5.000E+0,
183.056640,1.000E+0,
183.105470,3.000E+0,
183.154300,4.000E+0,
183.203130,3.000E+0,
183.25200,8.000E+0,
183.300780,7.000E+0,
183.349610,7.000E+0,
183.398440,5.000E+0,
183.447270,7.000E+0,
183.496090,8.000E+0,
183.544920,5.000E+0,
183.593750,6.000E+0,
183.642580,1.000E+1,
183.691410,2.000E+0,
183.740230,5.000E+0,
183.789060,3.000E+0,
183.837890,6.000E+0,
183.886720,8.000E+0,
183.935550,3.000E+0,
183.984380,4.000E+0,
184.033200,5.000E+0,
184.08200,6.000E+0,
184.130860,4.000E+0,
184.179690,9.000E+0,
184.228520,2.000E+0,
184.277340,3.000E+0,
184.326170,2.000E+0,
184.37500,6.000E+0,
184.423830,4.000E+0,
184.472660,1.000E+0,
184.521480,3.000E+0,
184.570310,4.000E+0,
184.619140,5.000E+0,
184.66800,1.000E+0,
184.716800,4.000E+0,
184.765630,1.000E+0,
184.814450,3.000E+0,
184.863280,6.000E+0,
184.912110,0.000E+0,
184.960940,7.000E+0,
185.009770,4.000E+0,
185.058590,4.000E+0,
185.107420,2.000E+0,
185.156250,1.000E+0,
185.205080,6.000E+0,
185.253910,3.000E+0,
185.302730,3.000E+0,
185.351560,3.000E+0,
185.400390,5.000E+0,
185.449220,1.000E+0,
185.49800,7.000E+0,
185.546880,3.000E+0,
185.595700,4.000E+0,
185.644530,6.000E+0,
185.693360,5.000E+0,
185.742190,3.000E+0,
185.79100,8.000E+0,
185.839840,9.000E+0,
185.888670,5.000E+0,
185.937500,3.000E+0,
185.986330,1.000E+0,
186.035160,7.000E+0,
186.08400,3.000E+0,
186.132810,5.000E+0,
186.181640,4.000E+0,
186.230470,5.000E+0,
186.279300,2.000E+0,
186.328130,5.000E+0,
186.37700,5.000E+0,
186.425780,4.000E+0,
186.474610,1.000E+0,
186.523440,6.000E+0,
186.572270,3.000E+0,
186.621090,5.000E+0,
186.669920,6.000E+0,
186.718750,5.000E+0,
186.767580,6.000E+0,
186.816410,5.000E+0,
186.865230,4.000E+0,
186.914060,4.000E+0,
186.962890,6.000E+0,
187.011720,5.000E+0,
187.060550,6.000E+0,
187.109380,8.000E+0,
187.158200,5.000E+0,
187.20700,3.000E+0,
187.255860,5.000E+0,
187.304690,5.000E+0,
187.353520,5.000E+0,
187.402340,6.000E+0,
187.451170,3.000E+0,
187.500,5.000E+0,
187.548830,6.000E+0,
187.597660,6.000E+0,
187.646480,4.000E+0,
187.695310,4.000E+0,
187.744140,5.000E+0,
187.79300,6.000E+0,
187.841800,7.000E+0,
187.890630,1.000E+0,
187.939450,6.000E+0,
187.988280,5.000E+0,
188.037110,5.000E+0,
188.085940,4.000E+0,
188.134770,4.000E+0,
188.183590,2.000E+0,
188.232420,7.000E+0,
188.281250,7.000E+0,
188.330080,6.000E+0,
188.378910,2.000E+0,
188.427730,4.000E+0,
188.476560,6.000E+0,
188.525390,3.000E+0,
188.574220,1.100E+1,
188.62300,5.000E+0,
188.671880,5.000E+0,
188.720700,5.000E+0,
188.769530,4.000E+0,
188.818360,7.000E+0,
188.867190,1.000E+0,
188.91600,3.000E+0,
188.964840,4.000E+0,
189.013670,3.000E+0,
189.062500,6.000E+0,
189.111330,3.000E+0,
189.160160,7.000E+0,
189.20900,5.000E+0,
189.257810,2.000E+0,
189.306640,6.000E+0,
189.355470,6.000E+0,
189.404300,1.000E+1,
189.453130,7.000E+0,
189.50200,5.000E+0,
189.550780,7.000E+0,
189.599610,6.000E+0,
189.648440,6.000E+0,
189.697270,4.000E+0,
189.746090,3.000E+0,
189.794920,8.000E+0,
189.843750,5.000E+0,
189.892580,5.000E+0,
189.941410,5.000E+0,
189.990230,3.000E+0,
190.039060,5.000E+0,
190.087890,4.000E+0,
190.136720,5.000E+0,
190.185550,2.000E+0,
190.234380,8.000E+0,
190.283200,3.000E+0,
190.33200,5.000E+0,
190.380860,6.000E+0,
190.429690,2.000E+0,
190.478520,4.000E+0,
190.527340,6.000E+0,
190.576170,3.000E+0,
190.62500,3.000E+0,
190.673830,3.000E+0,
190.722660,7.000E+0,
190.771480,6.000E+0,
190.820310,4.000E+0,
190.869140,4.000E+0,
190.91800,2.000E+0,
190.966800,7.000E+0,
191.015630,4.000E+0,
191.064450,5.000E+0,
191.113280,3.000E+0,
191.162110,5.000E+0,
191.210940,3.000E+0,
191.259770,5.000E+0,
191.308590,8.000E+0,
191.357420,3.000E+0,
191.406250,2.000E+0,
191.455080,6.000E+0,
191.503910,8.000E+0,
191.552730,2.000E+0,
191.601560,3.000E+0,
191.650390,2.000E+0,
191.699220,3.000E+0,
191.74800,2.000E+0,
191.796880,5.000E+0,
191.845700,3.000E+0,
191.894530,7.000E+0,
191.943360,4.000E+0,
191.992190,2.000E+0,
192.04100,8.000E+0,
192.089840,5.000E+0,
192.138670,3.000E+0,
192.187500,7.000E+0,
192.236330,3.000E+0,
192.285160,5.000E+0,
192.33400,8.000E+0,
192.382810,6.000E+0,
192.431640,0.000E+0,
192.480470,4.000E+0,
192.529300,7.000E+0,
192.578130,4.000E+0,
192.62700,1.000E+0,
192.675780,5.000E+0,
192.724610,5.000E+0,
192.773440,3.000E+0,
192.822270,2.000E+0,
192.871090,1.100E+1,
192.919920,2.000E+0,
192.968750,3.000E+0,
193.017580,7.000E+0,
193.066410,1.000E+0,
193.115230,6.000E+0,
193.164060,6.000E+0,
193.212890,8.000E+0,
193.261720,2.000E+0,
193.310550,8.000E+0,
193.359380,5.000E+0,
193.408200,5.000E+0,
193.45700,2.000E+0,
193.505860,5.000E+0,
193.554690,3.000E+0,
193.603520,3.000E+0,
193.652340,4.000E+0,
193.701170,5.000E+0,
193.7500,2.000E+0,
193.798830,3.000E+0,
193.847660,6.000E+0,
193.896480,5.000E+0,
193.945310,4.000E+0,
193.994140,6.000E+0,
194.04300,6.000E+0,
194.091800,3.000E+0,
194.140630,4.000E+0,
194.189450,2.000E+0,
194.238280,3.000E+0,
194.287110,7.000E+0,
194.335940,1.000E+0,
194.384770,6.000E+0,
194.433590,5.000E+0,
194.482420,2.000E+0,
194.531250,4.000E+0,
194.580080,7.000E+0,
194.628910,5.000E+0,
194.677730,4.000E+0,
194.726560,2.000E+0,
194.775390,6.000E+0,
194.824220,7.000E+0,
194.87300,3.000E+0,
194.921880,5.000E+0,
194.970700,9.000E+0,
195.019530,2.000E+0,
195.068360,4.000E+0,
195.117190,5.000E+0,
195.16600,6.000E+0,
195.214840,5.000E+0,
195.263670,5.000E+0,
195.312500,9.000E+0,
195.361330,3.000E+0,
195.410160,7.000E+0,
195.45900,6.000E+0,
195.507810,7.000E+0,
195.556640,5.000E+0,
195.605470,4.000E+0,
195.654300,6.000E+0,
195.703130,5.000E+0,
195.75200,3.000E+0,
195.800780,5.000E+0,
195.849610,3.000E+0,
195.898440,2.000E+0,
195.947270,3.000E+0,
195.996090,4.000E+0,
196.044920,4.000E+0,
196.093750,5.000E+0,
196.142580,3.000E+0,
196.191410,8.000E+0,
196.240230,6.000E+0,
196.289060,5.000E+0,
196.337890,7.000E+0,
196.386720,1.000E+0,
196.435550,5.000E+0,
196.484380,8.000E+0,
196.533200,2.000E+0,
196.58200,4.000E+0,
196.630860,6.000E+0,
196.679690,3.000E+0,
196.728520,7.000E+0,
196.777340,2.000E+0,
196.826170,4.000E+0,
196.87500,3.000E+0,
196.923830,3.000E+0,
196.972660,5.000E+0,
197.021480,4.000E+0,
197.070310,4.000E+0,
197.119140,2.000E+0,
197.16800,1.000E+0,
197.216800,5.000E+0,
197.265630,5.000E+0,
197.314450,7.000E+0,
197.363280,4.000E+0,
197.412110,8.000E+0,
197.460940,6.000E+0,
197.509770,3.000E+0,
197.558590,1.000E+0,
197.607420,6.000E+0,
197.656250,1.000E+0,
197.705080,3.000E+0,
197.753910,4.000E+0,
197.802730,5.000E+0,
197.851560,4.000E+0,
197.900390,4.000E+0,
197.949220,5.000E+0,
197.99800,6.000E+0,
198.046880,3.000E+0,
198.095700,7.000E+0,
198.144530,4.000E+0,
198.193360,1.000E+0,
198.242190,5.000E+0,
198.29100,5.000E+0,
198.339840,5.000E+0,
198.388670,3.000E+0,
198.437500,2.000E+0,
198.486330,4.000E+0,
198.535160,3.000E+0,
198.58400,5.000E+0,
198.632810,5.000E+0,
198.681640,2.000E+0,
198.730470,1.000E+0,
198.779300,4.000E+0,
198.828130,5.000E+0,
198.87700,6.000E+0,
198.925780,4.000E+0,
198.974610,3.000E+0,
199.023440,4.000E+0,
199.072270,6.000E+0,
199.121090,1.000E+0,
199.169920,6.000E+0,
199.218750,6.000E+0,
199.267580,3.000E+0,
199.316410,2.000E+0,
199.365230,4.000E+0,
199.414060,6.000E+0,
199.462890,5.000E+0,
199.511720,3.000E+0,
199.560550,5.000E+0,
199.609380,7.000E+0,
199.658200,1.000E+0,
199.70700,3.000E+0,
199.755860,4.000E+0,
199.804690,6.000E+0,
199.853520,4.000E+0,
199.902340,3.000E+0,
199.951170,5.000E+0,
